,CD,Year_Month,Year,Month,Count
0,BK01,2016-11,2016,11,50
1,BK01,2016-12,2016,12,36
2,BK01,2017-01,2017,1,51
3,BK01,2017-02,2017,2,61
4,BK01,2017-03,2017,3,67
5,BK01,2017-04,2017,4,69
6,BK01,2017-05,2017,5,66
7,BK01,2017-06,2017,6,84
8,BK01,2017-07,2017,7,82
9,BK01,2017-08,2017,8,83
10,BK01,2017-09,2017,9,92
11,BK01,2017-10,2017,10,101
12,BK01,2017-11,2017,11,46
13,BK01,2017-12,2017,12,57
14,BK01,2018-01,2018,1,48
15,BK01,2018-02,2018,2,62
16,BK01,2018-03,2018,3,64
17,BK01,2018-04,2018,4,69
18,BK01,2018-05,2018,5,75
19,BK01,2018-06,2018,6,99
20,BK01,2018-07,2018,7,117
21,BK01,2018-08,2018,8,108
22,BK01,2018-09,2018,9,121
23,BK01,2018-10,2018,10,84
24,BK01,2018-11,2018,11,63
25,BK01,2018-12,2018,12,60
26,BK01,2019-01,2019,1,72
27,BK01,2019-02,2019,2,84
28,BK01,2019-03,2019,3,81
29,BK01,2019-04,2019,4,102
30,BK01,2019-05,2019,5,79
31,BK01,2019-06,2019,6,82
32,BK01,2019-07,2019,7,1
33,BK01,2019-08,2019,8,79
34,BK01,2019-09,2019,9,62
35,BK01,2019-10,2019,10,63
36,BK01,2019-11,2019,11,53
37,BK01,2019-12,2019,12,45
38,BK01,2020-01,2020,1,58
39,BK01,2020-02,2020,2,44
40,BK01,2020-03,2020,3,35
41,BK01,2020-04,2020,4,43
42,BK01,2020-05,2020,5,60
43,BK01,2020-06,2020,6,68
44,BK01,2020-07,2020,7,77
45,BK01,2020-08,2020,8,86
46,BK01,2020-09,2020,9,75
47,BK01,2020-10,2020,10,76
48,BK01,2020-11,2020,11,47
49,BK01,2020-12,2020,12,42
50,BK01,2021-01,2021,1,51
51,BK01,2021-02,2021,2,48
52,BK01,2021-03,2021,3,133
53,BK01,2021-04,2021,4,105
54,BK01,2021-05,2021,5,125
55,BK01,2021-06,2021,6,128
56,BK01,2021-07,2021,7,130
57,BK01,2021-08,2021,8,185
58,BK01,2021-09,2021,9,178
59,BK01,2021-10,2021,10,155
60,BK02,2016-11,2016,11,39
61,BK02,2016-12,2016,12,32
62,BK02,2017-01,2017,1,32
63,BK02,2017-02,2017,2,28
64,BK02,2017-03,2017,3,47
65,BK02,2017-04,2017,4,49
66,BK02,2017-05,2017,5,35
67,BK02,2017-06,2017,6,51
68,BK02,2017-07,2017,7,42
69,BK02,2017-08,2017,8,35
70,BK02,2017-09,2017,9,39
71,BK02,2017-10,2017,10,38
72,BK02,2017-11,2017,11,20
73,BK02,2017-12,2017,12,32
74,BK02,2018-01,2018,1,37
75,BK02,2018-02,2018,2,33
76,BK02,2018-03,2018,3,34
77,BK02,2018-04,2018,4,41
78,BK02,2018-05,2018,5,44
79,BK02,2018-06,2018,6,42
80,BK02,2018-07,2018,7,74
81,BK02,2018-08,2018,8,49
82,BK02,2018-09,2018,9,55
83,BK02,2018-10,2018,10,47
84,BK02,2018-11,2018,11,25
85,BK02,2018-12,2018,12,34
86,BK02,2019-01,2019,1,31
87,BK02,2019-02,2019,2,35
88,BK02,2019-03,2019,3,38
89,BK02,2019-04,2019,4,33
90,BK02,2019-05,2019,5,36
91,BK02,2019-06,2019,6,52
92,BK02,2019-08,2019,8,47
93,BK02,2019-09,2019,9,46
94,BK02,2019-10,2019,10,39
95,BK02,2019-11,2019,11,27
96,BK02,2019-12,2019,12,28
97,BK02,2020-01,2020,1,38
98,BK02,2020-02,2020,2,27
99,BK02,2020-03,2020,3,24
100,BK02,2020-04,2020,4,22
101,BK02,2020-05,2020,5,11
102,BK02,2020-06,2020,6,22
103,BK02,2020-07,2020,7,36
104,BK02,2020-08,2020,8,37
105,BK02,2020-09,2020,9,34
106,BK02,2020-10,2020,10,40
107,BK02,2020-11,2020,11,15
108,BK02,2020-12,2020,12,15
109,BK02,2021-01,2021,1,19
110,BK02,2021-02,2021,2,9
111,BK02,2021-03,2021,3,34
112,BK02,2021-04,2021,4,62
113,BK02,2021-05,2021,5,50
114,BK02,2021-06,2021,6,70
115,BK02,2021-07,2021,7,94
116,BK02,2021-08,2021,8,73
117,BK02,2021-09,2021,9,87
118,BK02,2021-10,2021,10,59
119,BK03,2016-11,2016,11,55
120,BK03,2016-12,2016,12,83
121,BK03,2017-01,2017,1,83
122,BK03,2017-02,2017,2,61
123,BK03,2017-03,2017,3,64
124,BK03,2017-04,2017,4,86
125,BK03,2017-05,2017,5,93
126,BK03,2017-06,2017,6,103
127,BK03,2017-07,2017,7,110
128,BK03,2017-08,2017,8,104
129,BK03,2017-09,2017,9,103
130,BK03,2017-10,2017,10,98
131,BK03,2017-11,2017,11,61
132,BK03,2017-12,2017,12,77
133,BK03,2018-01,2018,1,123
134,BK03,2018-02,2018,2,68
135,BK03,2018-03,2018,3,60
136,BK03,2018-04,2018,4,64
137,BK03,2018-05,2018,5,93
138,BK03,2018-06,2018,6,110
139,BK03,2018-07,2018,7,109
140,BK03,2018-08,2018,8,124
141,BK03,2018-09,2018,9,118
142,BK03,2018-10,2018,10,93
143,BK03,2018-11,2018,11,77
144,BK03,2018-12,2018,12,59
145,BK03,2019-01,2019,1,87
146,BK03,2019-02,2019,2,57
147,BK03,2019-03,2019,3,85
148,BK03,2019-04,2019,4,140
149,BK03,2019-05,2019,5,99
150,BK03,2019-06,2019,6,102
151,BK03,2019-07,2019,7,3
152,BK03,2019-08,2019,8,79
153,BK03,2019-09,2019,9,67
154,BK03,2019-10,2019,10,52
155,BK03,2019-11,2019,11,43
156,BK03,2019-12,2019,12,58
157,BK03,2020-01,2020,1,43
158,BK03,2020-02,2020,2,75
159,BK03,2020-03,2020,3,53
160,BK03,2020-04,2020,4,35
161,BK03,2020-05,2020,5,70
162,BK03,2020-06,2020,6,77
163,BK03,2020-07,2020,7,108
164,BK03,2020-08,2020,8,117
165,BK03,2020-09,2020,9,108
166,BK03,2020-10,2020,10,67
167,BK03,2020-11,2020,11,48
168,BK03,2020-12,2020,12,49
169,BK03,2021-01,2021,1,81
170,BK03,2021-02,2021,2,60
171,BK03,2021-03,2021,3,142
172,BK03,2021-04,2021,4,105
173,BK03,2021-05,2021,5,113
174,BK03,2021-06,2021,6,208
175,BK03,2021-07,2021,7,167
176,BK03,2021-08,2021,8,234
177,BK03,2021-09,2021,9,228
178,BK03,2021-10,2021,10,148
179,BK04,2016-11,2016,11,37
180,BK04,2016-12,2016,12,33
181,BK04,2017-01,2017,1,53
182,BK04,2017-02,2017,2,67
183,BK04,2017-03,2017,3,59
184,BK04,2017-04,2017,4,49
185,BK04,2017-05,2017,5,52
186,BK04,2017-06,2017,6,51
187,BK04,2017-07,2017,7,61
188,BK04,2017-08,2017,8,69
189,BK04,2017-09,2017,9,96
190,BK04,2017-10,2017,10,59
191,BK04,2017-11,2017,11,47
192,BK04,2017-12,2017,12,33
193,BK04,2018-01,2018,1,60
194,BK04,2018-02,2018,2,44
195,BK04,2018-03,2018,3,51
196,BK04,2018-04,2018,4,41
197,BK04,2018-05,2018,5,46
198,BK04,2018-06,2018,6,66
199,BK04,2018-07,2018,7,68
200,BK04,2018-08,2018,8,71
201,BK04,2018-09,2018,9,67
202,BK04,2018-10,2018,10,53
203,BK04,2018-11,2018,11,38
204,BK04,2018-12,2018,12,40
205,BK04,2019-01,2019,1,44
206,BK04,2019-02,2019,2,34
207,BK04,2019-03,2019,3,68
208,BK04,2019-04,2019,4,50
209,BK04,2019-05,2019,5,59
210,BK04,2019-06,2019,6,43
211,BK04,2019-07,2019,7,3
212,BK04,2019-08,2019,8,46
213,BK04,2019-09,2019,9,45
214,BK04,2019-10,2019,10,18
215,BK04,2019-11,2019,11,25
216,BK04,2019-12,2019,12,23
217,BK04,2020-01,2020,1,35
218,BK04,2020-02,2020,2,23
219,BK04,2020-03,2020,3,25
220,BK04,2020-04,2020,4,19
221,BK04,2020-05,2020,5,22
222,BK04,2020-06,2020,6,48
223,BK04,2020-07,2020,7,40
224,BK04,2020-08,2020,8,62
225,BK04,2020-09,2020,9,57
226,BK04,2020-10,2020,10,37
227,BK04,2020-11,2020,11,31
228,BK04,2020-12,2020,12,32
229,BK04,2021-01,2021,1,35
230,BK04,2021-02,2021,2,32
231,BK04,2021-03,2021,3,65
232,BK04,2021-04,2021,4,46
233,BK04,2021-05,2021,5,52
234,BK04,2021-06,2021,6,83
235,BK04,2021-07,2021,7,100
236,BK04,2021-08,2021,8,84
237,BK04,2021-09,2021,9,193
238,BK04,2021-10,2021,10,210
239,BK05,2016-11,2016,11,65
240,BK05,2016-12,2016,12,50
241,BK05,2017-01,2017,1,60
242,BK05,2017-02,2017,2,69
243,BK05,2017-03,2017,3,74
244,BK05,2017-04,2017,4,63
245,BK05,2017-05,2017,5,68
246,BK05,2017-06,2017,6,134
247,BK05,2017-07,2017,7,125
248,BK05,2017-08,2017,8,102
249,BK05,2017-09,2017,9,101
250,BK05,2017-10,2017,10,72
251,BK05,2017-11,2017,11,43
252,BK05,2017-12,2017,12,41
253,BK05,2018-01,2018,1,50
254,BK05,2018-02,2018,2,64
255,BK05,2018-03,2018,3,46
256,BK05,2018-04,2018,4,74
257,BK05,2018-05,2018,5,72
258,BK05,2018-06,2018,6,95
259,BK05,2018-07,2018,7,113
260,BK05,2018-08,2018,8,104
261,BK05,2018-09,2018,9,104
262,BK05,2018-10,2018,10,105
263,BK05,2018-11,2018,11,52
264,BK05,2018-12,2018,12,66
265,BK05,2019-01,2019,1,55
266,BK05,2019-02,2019,2,73
267,BK05,2019-03,2019,3,63
268,BK05,2019-04,2019,4,70
269,BK05,2019-05,2019,5,90
270,BK05,2019-06,2019,6,90
271,BK05,2019-07,2019,7,5
272,BK05,2019-08,2019,8,73
273,BK05,2019-09,2019,9,66
274,BK05,2019-10,2019,10,47
275,BK05,2019-11,2019,11,29
276,BK05,2019-12,2019,12,39
277,BK05,2020-01,2020,1,44
278,BK05,2020-02,2020,2,35
279,BK05,2020-03,2020,3,28
280,BK05,2020-04,2020,4,32
281,BK05,2020-05,2020,5,65
282,BK05,2020-06,2020,6,94
283,BK05,2020-07,2020,7,120
284,BK05,2020-08,2020,8,118
285,BK05,2020-09,2020,9,77
286,BK05,2020-10,2020,10,61
287,BK05,2020-11,2020,11,46
288,BK05,2020-12,2020,12,52
289,BK05,2021-01,2021,1,83
290,BK05,2021-02,2021,2,35
291,BK05,2021-03,2021,3,168
292,BK05,2021-04,2021,4,132
293,BK05,2021-05,2021,5,150
294,BK05,2021-06,2021,6,164
295,BK05,2021-07,2021,7,148
296,BK05,2021-08,2021,8,176
297,BK05,2021-09,2021,9,139
298,BK05,2021-10,2021,10,125
299,BK06,2016-11,2016,11,44
300,BK06,2016-12,2016,12,37
301,BK06,2017-01,2017,1,33
302,BK06,2017-02,2017,2,47
303,BK06,2017-03,2017,3,45
304,BK06,2017-04,2017,4,41
305,BK06,2017-05,2017,5,59
306,BK06,2017-06,2017,6,70
307,BK06,2017-07,2017,7,65
308,BK06,2017-08,2017,8,70
309,BK06,2017-09,2017,9,61
310,BK06,2017-10,2017,10,66
311,BK06,2017-11,2017,11,26
312,BK06,2017-12,2017,12,21
313,BK06,2018-01,2018,1,47
314,BK06,2018-02,2018,2,47
315,BK06,2018-03,2018,3,48
316,BK06,2018-04,2018,4,37
317,BK06,2018-05,2018,5,51
318,BK06,2018-06,2018,6,88
319,BK06,2018-07,2018,7,69
320,BK06,2018-08,2018,8,65
321,BK06,2018-09,2018,9,76
322,BK06,2018-10,2018,10,51
323,BK06,2018-11,2018,11,41
324,BK06,2018-12,2018,12,47
325,BK06,2019-01,2019,1,65
326,BK06,2019-02,2019,2,50
327,BK06,2019-03,2019,3,42
328,BK06,2019-04,2019,4,61
329,BK06,2019-05,2019,5,52
330,BK06,2019-06,2019,6,47
331,BK06,2019-07,2019,7,2
332,BK06,2019-08,2019,8,56
333,BK06,2019-09,2019,9,42
334,BK06,2019-10,2019,10,37
335,BK06,2019-11,2019,11,34
336,BK06,2019-12,2019,12,18
337,BK06,2020-01,2020,1,41
338,BK06,2020-02,2020,2,34
339,BK06,2020-03,2020,3,16
340,BK06,2020-04,2020,4,15
341,BK06,2020-05,2020,5,25
342,BK06,2020-06,2020,6,33
343,BK06,2020-07,2020,7,30
344,BK06,2020-08,2020,8,42
345,BK06,2020-09,2020,9,55
346,BK06,2020-10,2020,10,40
347,BK06,2020-11,2020,11,17
348,BK06,2020-12,2020,12,22
349,BK06,2021-01,2021,1,25
350,BK06,2021-02,2021,2,15
351,BK06,2021-03,2021,3,77
352,BK06,2021-04,2021,4,58
353,BK06,2021-05,2021,5,49
354,BK06,2021-06,2021,6,63
355,BK06,2021-07,2021,7,53
356,BK06,2021-08,2021,8,74
357,BK06,2021-09,2021,9,81
358,BK06,2021-10,2021,10,66
359,BK07,2016-11,2016,11,20
360,BK07,2016-12,2016,12,31
361,BK07,2017-01,2017,1,29
362,BK07,2017-02,2017,2,35
363,BK07,2017-03,2017,3,36
364,BK07,2017-04,2017,4,28
365,BK07,2017-05,2017,5,46
366,BK07,2017-06,2017,6,54
367,BK07,2017-07,2017,7,52
368,BK07,2017-08,2017,8,71
369,BK07,2017-09,2017,9,48
370,BK07,2017-10,2017,10,31
371,BK07,2017-11,2017,11,24
372,BK07,2017-12,2017,12,31
373,BK07,2018-01,2018,1,30
374,BK07,2018-02,2018,2,23
375,BK07,2018-03,2018,3,36
376,BK07,2018-04,2018,4,38
377,BK07,2018-05,2018,5,53
378,BK07,2018-06,2018,6,50
379,BK07,2018-07,2018,7,71
380,BK07,2018-08,2018,8,63
381,BK07,2018-09,2018,9,67
382,BK07,2018-10,2018,10,43
383,BK07,2018-11,2018,11,31
384,BK07,2018-12,2018,12,32
385,BK07,2019-01,2019,1,43
386,BK07,2019-02,2019,2,35
387,BK07,2019-03,2019,3,39
388,BK07,2019-04,2019,4,40
389,BK07,2019-05,2019,5,48
390,BK07,2019-06,2019,6,66
391,BK07,2019-08,2019,8,51
392,BK07,2019-09,2019,9,27
393,BK07,2019-10,2019,10,24
394,BK07,2019-11,2019,11,23
395,BK07,2019-12,2019,12,17
396,BK07,2020-01,2020,1,22
397,BK07,2020-02,2020,2,26
398,BK07,2020-03,2020,3,13
399,BK07,2020-04,2020,4,7
400,BK07,2020-05,2020,5,29
401,BK07,2020-06,2020,6,29
402,BK07,2020-07,2020,7,45
403,BK07,2020-08,2020,8,44
404,BK07,2020-09,2020,9,36
405,BK07,2020-10,2020,10,17
406,BK07,2020-11,2020,11,11
407,BK07,2020-12,2020,12,18
408,BK07,2021-01,2021,1,40
409,BK07,2021-02,2021,2,24
410,BK07,2021-03,2021,3,65
411,BK07,2021-04,2021,4,40
412,BK07,2021-05,2021,5,61
413,BK07,2021-06,2021,6,57
414,BK07,2021-07,2021,7,59
415,BK07,2021-08,2021,8,95
416,BK07,2021-09,2021,9,93
417,BK07,2021-10,2021,10,119
418,BK08,2016-11,2016,11,27
419,BK08,2016-12,2016,12,27
420,BK08,2017-01,2017,1,31
421,BK08,2017-02,2017,2,34
422,BK08,2017-03,2017,3,30
423,BK08,2017-04,2017,4,38
424,BK08,2017-05,2017,5,48
425,BK08,2017-06,2017,6,41
426,BK08,2017-07,2017,7,51
427,BK08,2017-08,2017,8,56
428,BK08,2017-09,2017,9,35
429,BK08,2017-10,2017,10,30
430,BK08,2017-11,2017,11,37
431,BK08,2017-12,2017,12,29
432,BK08,2018-01,2018,1,33
433,BK08,2018-02,2018,2,34
434,BK08,2018-03,2018,3,28
435,BK08,2018-04,2018,4,49
436,BK08,2018-05,2018,5,48
437,BK08,2018-06,2018,6,63
438,BK08,2018-07,2018,7,65
439,BK08,2018-08,2018,8,51
440,BK08,2018-09,2018,9,59
441,BK08,2018-10,2018,10,56
442,BK08,2018-11,2018,11,32
443,BK08,2018-12,2018,12,35
444,BK08,2019-01,2019,1,29
445,BK08,2019-02,2019,2,42
446,BK08,2019-03,2019,3,33
447,BK08,2019-04,2019,4,38
448,BK08,2019-05,2019,5,39
449,BK08,2019-06,2019,6,55
450,BK08,2019-07,2019,7,2
451,BK08,2019-08,2019,8,39
452,BK08,2019-09,2019,9,45
453,BK08,2019-10,2019,10,18
454,BK08,2019-11,2019,11,27
455,BK08,2019-12,2019,12,22
456,BK08,2020-01,2020,1,16
457,BK08,2020-02,2020,2,35
458,BK08,2020-03,2020,3,21
459,BK08,2020-04,2020,4,21
460,BK08,2020-05,2020,5,25
461,BK08,2020-06,2020,6,46
462,BK08,2020-07,2020,7,37
463,BK08,2020-08,2020,8,59
464,BK08,2020-09,2020,9,32
465,BK08,2020-10,2020,10,31
466,BK08,2020-11,2020,11,20
467,BK08,2020-12,2020,12,21
468,BK08,2021-01,2021,1,27
469,BK08,2021-02,2021,2,27
470,BK08,2021-03,2021,3,77
471,BK08,2021-04,2021,4,61
472,BK08,2021-05,2021,5,65
473,BK08,2021-06,2021,6,91
474,BK08,2021-07,2021,7,89
475,BK08,2021-08,2021,8,126
476,BK08,2021-09,2021,9,91
477,BK08,2021-10,2021,10,87
478,BK09,2016-11,2016,11,15
479,BK09,2016-12,2016,12,24
480,BK09,2017-01,2017,1,17
481,BK09,2017-02,2017,2,34
482,BK09,2017-03,2017,3,23
483,BK09,2017-04,2017,4,33
484,BK09,2017-05,2017,5,29
485,BK09,2017-06,2017,6,37
486,BK09,2017-07,2017,7,42
487,BK09,2017-08,2017,8,48
488,BK09,2017-09,2017,9,36
489,BK09,2017-10,2017,10,31
490,BK09,2017-11,2017,11,16
491,BK09,2017-12,2017,12,16
492,BK09,2018-01,2018,1,28
493,BK09,2018-02,2018,2,24
494,BK09,2018-03,2018,3,14
495,BK09,2018-04,2018,4,31
496,BK09,2018-05,2018,5,33
497,BK09,2018-06,2018,6,35
498,BK09,2018-07,2018,7,35
499,BK09,2018-08,2018,8,41
500,BK09,2018-09,2018,9,34
501,BK09,2018-10,2018,10,34
502,BK09,2018-11,2018,11,17
503,BK09,2018-12,2018,12,9
504,BK09,2019-01,2019,1,28
505,BK09,2019-02,2019,2,23
506,BK09,2019-03,2019,3,20
507,BK09,2019-04,2019,4,22
508,BK09,2019-05,2019,5,21
509,BK09,2019-06,2019,6,29
510,BK09,2019-07,2019,7,1
511,BK09,2019-08,2019,8,22
512,BK09,2019-09,2019,9,21
513,BK09,2019-10,2019,10,19
514,BK09,2019-11,2019,11,21
515,BK09,2019-12,2019,12,22
516,BK09,2020-01,2020,1,11
517,BK09,2020-02,2020,2,21
518,BK09,2020-03,2020,3,15
519,BK09,2020-04,2020,4,16
520,BK09,2020-05,2020,5,19
521,BK09,2020-06,2020,6,15
522,BK09,2020-07,2020,7,20
523,BK09,2020-08,2020,8,34
524,BK09,2020-09,2020,9,41
525,BK09,2020-10,2020,10,25
526,BK09,2020-11,2020,11,26
527,BK09,2020-12,2020,12,16
528,BK09,2021-01,2021,1,25
529,BK09,2021-02,2021,2,14
530,BK09,2021-03,2021,3,53
531,BK09,2021-04,2021,4,50
532,BK09,2021-05,2021,5,42
533,BK09,2021-06,2021,6,68
534,BK09,2021-07,2021,7,59
535,BK09,2021-08,2021,8,82
536,BK09,2021-09,2021,9,56
537,BK09,2021-10,2021,10,48
538,BK10,2016-11,2016,11,27
539,BK10,2016-12,2016,12,56
540,BK10,2017-01,2017,1,31
541,BK10,2017-02,2017,2,17
542,BK10,2017-03,2017,3,23
543,BK10,2017-04,2017,4,51
544,BK10,2017-05,2017,5,53
545,BK10,2017-06,2017,6,55
546,BK10,2017-07,2017,7,66
547,BK10,2017-08,2017,8,67
548,BK10,2017-09,2017,9,54
549,BK10,2017-10,2017,10,49
550,BK10,2017-11,2017,11,28
551,BK10,2017-12,2017,12,23
552,BK10,2018-01,2018,1,27
553,BK10,2018-02,2018,2,34
554,BK10,2018-03,2018,3,38
555,BK10,2018-04,2018,4,45
556,BK10,2018-05,2018,5,44
557,BK10,2018-06,2018,6,67
558,BK10,2018-07,2018,7,52
559,BK10,2018-08,2018,8,54
560,BK10,2018-09,2018,9,70
561,BK10,2018-10,2018,10,31
562,BK10,2018-11,2018,11,40
563,BK10,2018-12,2018,12,30
564,BK10,2019-01,2019,1,50
565,BK10,2019-02,2019,2,40
566,BK10,2019-03,2019,3,47
567,BK10,2019-04,2019,4,36
568,BK10,2019-05,2019,5,44
569,BK10,2019-06,2019,6,45
570,BK10,2019-07,2019,7,2
571,BK10,2019-08,2019,8,27
572,BK10,2019-09,2019,9,53
573,BK10,2019-10,2019,10,25
574,BK10,2019-11,2019,11,8
575,BK10,2019-12,2019,12,27
576,BK10,2020-01,2020,1,23
577,BK10,2020-02,2020,2,25
578,BK10,2020-03,2020,3,22
579,BK10,2020-04,2020,4,29
580,BK10,2020-05,2020,5,32
581,BK10,2020-06,2020,6,36
582,BK10,2020-07,2020,7,49
583,BK10,2020-08,2020,8,38
584,BK10,2020-09,2020,9,44
585,BK10,2020-10,2020,10,26
586,BK10,2020-11,2020,11,20
587,BK10,2020-12,2020,12,10
588,BK10,2021-01,2021,1,26
589,BK10,2021-02,2021,2,11
590,BK10,2021-03,2021,3,61
591,BK10,2021-04,2021,4,38
592,BK10,2021-05,2021,5,59
593,BK10,2021-06,2021,6,76
594,BK10,2021-07,2021,7,62
595,BK10,2021-08,2021,8,39
596,BK10,2021-09,2021,9,163
597,BK10,2021-10,2021,10,138
598,BK11,2016-11,2016,11,41
599,BK11,2016-12,2016,12,48
600,BK11,2017-01,2017,1,45
601,BK11,2017-02,2017,2,51
602,BK11,2017-03,2017,3,44
603,BK11,2017-04,2017,4,56
604,BK11,2017-05,2017,5,42
605,BK11,2017-06,2017,6,59
606,BK11,2017-07,2017,7,85
607,BK11,2017-08,2017,8,65
608,BK11,2017-09,2017,9,80
609,BK11,2017-10,2017,10,60
610,BK11,2017-11,2017,11,49
611,BK11,2017-12,2017,12,31
612,BK11,2018-01,2018,1,35
613,BK11,2018-02,2018,2,34
614,BK11,2018-03,2018,3,46
615,BK11,2018-04,2018,4,53
616,BK11,2018-05,2018,5,67
617,BK11,2018-06,2018,6,63
618,BK11,2018-07,2018,7,94
619,BK11,2018-08,2018,8,105
620,BK11,2018-09,2018,9,67
621,BK11,2018-10,2018,10,67
622,BK11,2018-11,2018,11,50
623,BK11,2018-12,2018,12,55
624,BK11,2019-01,2019,1,44
625,BK11,2019-02,2019,2,36
626,BK11,2019-03,2019,3,56
627,BK11,2019-04,2019,4,57
628,BK11,2019-05,2019,5,58
629,BK11,2019-06,2019,6,61
630,BK11,2019-07,2019,7,2
631,BK11,2019-08,2019,8,58
632,BK11,2019-09,2019,9,79
633,BK11,2019-10,2019,10,43
634,BK11,2019-11,2019,11,32
635,BK11,2019-12,2019,12,41
636,BK11,2020-01,2020,1,33
637,BK11,2020-02,2020,2,41
638,BK11,2020-03,2020,3,47
639,BK11,2020-04,2020,4,26
640,BK11,2020-05,2020,5,28
641,BK11,2020-06,2020,6,34
642,BK11,2020-07,2020,7,62
643,BK11,2020-08,2020,8,43
644,BK11,2020-09,2020,9,70
645,BK11,2020-10,2020,10,42
646,BK11,2020-11,2020,11,32
647,BK11,2020-12,2020,12,38
648,BK11,2021-01,2021,1,38
649,BK11,2021-02,2021,2,34
650,BK11,2021-03,2021,3,65
651,BK11,2021-04,2021,4,54
652,BK11,2021-05,2021,5,57
653,BK11,2021-06,2021,6,84
654,BK11,2021-07,2021,7,60
655,BK11,2021-08,2021,8,73
656,BK11,2021-09,2021,9,94
657,BK11,2021-10,2021,10,61
658,BK12,2016-11,2016,11,62
659,BK12,2016-12,2016,12,60
660,BK12,2017-01,2017,1,53
661,BK12,2017-02,2017,2,75
662,BK12,2017-03,2017,3,45
663,BK12,2017-04,2017,4,85
664,BK12,2017-05,2017,5,62
665,BK12,2017-06,2017,6,86
666,BK12,2017-07,2017,7,50
667,BK12,2017-08,2017,8,67
668,BK12,2017-09,2017,9,62
669,BK12,2017-10,2017,10,25
670,BK12,2017-11,2017,11,29
671,BK12,2017-12,2017,12,26
672,BK12,2018-01,2018,1,40
673,BK12,2018-02,2018,2,48
674,BK12,2018-03,2018,3,47
675,BK12,2018-04,2018,4,36
676,BK12,2018-05,2018,5,63
677,BK12,2018-06,2018,6,79
678,BK12,2018-07,2018,7,67
679,BK12,2018-08,2018,8,71
680,BK12,2018-09,2018,9,144
681,BK12,2018-10,2018,10,70
682,BK12,2018-11,2018,11,56
683,BK12,2018-12,2018,12,50
684,BK12,2019-01,2019,1,63
685,BK12,2019-02,2019,2,34
686,BK12,2019-03,2019,3,49
687,BK12,2019-04,2019,4,42
688,BK12,2019-05,2019,5,76
689,BK12,2019-06,2019,6,72
690,BK12,2019-07,2019,7,2
691,BK12,2019-08,2019,8,48
692,BK12,2019-09,2019,9,61
693,BK12,2019-10,2019,10,34
694,BK12,2019-11,2019,11,41
695,BK12,2019-12,2019,12,33
696,BK12,2020-01,2020,1,48
697,BK12,2020-02,2020,2,33
698,BK12,2020-03,2020,3,30
699,BK12,2020-04,2020,4,32
700,BK12,2020-05,2020,5,39
701,BK12,2020-06,2020,6,46
702,BK12,2020-07,2020,7,48
703,BK12,2020-08,2020,8,51
704,BK12,2020-09,2020,9,47
705,BK12,2020-10,2020,10,34
706,BK12,2020-11,2020,11,24
707,BK12,2020-12,2020,12,39
708,BK12,2021-01,2021,1,42
709,BK12,2021-02,2021,2,30
710,BK12,2021-03,2021,3,100
711,BK12,2021-04,2021,4,49
712,BK12,2021-05,2021,5,63
713,BK12,2021-06,2021,6,77
714,BK12,2021-07,2021,7,77
715,BK12,2021-08,2021,8,73
716,BK12,2021-09,2021,9,87
717,BK12,2021-10,2021,10,68
718,BK13,2016-11,2016,11,20
719,BK13,2016-12,2016,12,16
720,BK13,2017-01,2017,1,26
721,BK13,2017-02,2017,2,29
722,BK13,2017-03,2017,3,22
723,BK13,2017-04,2017,4,16
724,BK13,2017-05,2017,5,17
725,BK13,2017-06,2017,6,37
726,BK13,2017-07,2017,7,19
727,BK13,2017-08,2017,8,22
728,BK13,2017-09,2017,9,24
729,BK13,2017-10,2017,10,22
730,BK13,2017-11,2017,11,12
731,BK13,2017-12,2017,12,18
732,BK13,2018-01,2018,1,17
733,BK13,2018-02,2018,2,20
734,BK13,2018-03,2018,3,29
735,BK13,2018-04,2018,4,29
736,BK13,2018-05,2018,5,37
737,BK13,2018-06,2018,6,28
738,BK13,2018-07,2018,7,21
739,BK13,2018-08,2018,8,32
740,BK13,2018-09,2018,9,32
741,BK13,2018-10,2018,10,26
742,BK13,2018-11,2018,11,9
743,BK13,2018-12,2018,12,21
744,BK13,2019-01,2019,1,24
745,BK13,2019-02,2019,2,17
746,BK13,2019-03,2019,3,18
747,BK13,2019-04,2019,4,23
748,BK13,2019-05,2019,5,25
749,BK13,2019-06,2019,6,32
750,BK13,2019-07,2019,7,1
751,BK13,2019-08,2019,8,19
752,BK13,2019-09,2019,9,26
753,BK13,2019-10,2019,10,13
754,BK13,2019-11,2019,11,15
755,BK13,2019-12,2019,12,7
756,BK13,2020-01,2020,1,7
757,BK13,2020-02,2020,2,9
758,BK13,2020-03,2020,3,3
759,BK13,2020-04,2020,4,8
760,BK13,2020-05,2020,5,20
761,BK13,2020-06,2020,6,16
762,BK13,2020-07,2020,7,22
763,BK13,2020-08,2020,8,31
764,BK13,2020-09,2020,9,31
765,BK13,2020-10,2020,10,20
766,BK13,2020-11,2020,11,10
767,BK13,2020-12,2020,12,11
768,BK13,2021-01,2021,1,14
769,BK13,2021-02,2021,2,7
770,BK13,2021-03,2021,3,30
771,BK13,2021-04,2021,4,15
772,BK13,2021-05,2021,5,25
773,BK13,2021-06,2021,6,49
774,BK13,2021-07,2021,7,54
775,BK13,2021-08,2021,8,58
776,BK13,2021-09,2021,9,40
777,BK13,2021-10,2021,10,37
778,BK14,2016-11,2016,11,26
779,BK14,2016-12,2016,12,43
780,BK14,2017-01,2017,1,39
781,BK14,2017-02,2017,2,42
782,BK14,2017-03,2017,3,55
783,BK14,2017-04,2017,4,43
784,BK14,2017-05,2017,5,62
785,BK14,2017-06,2017,6,56
786,BK14,2017-07,2017,7,41
787,BK14,2017-08,2017,8,71
788,BK14,2017-09,2017,9,52
789,BK14,2017-10,2017,10,43
790,BK14,2017-11,2017,11,36
791,BK14,2017-12,2017,12,38
792,BK14,2018-01,2018,1,51
793,BK14,2018-02,2018,2,35
794,BK14,2018-03,2018,3,32
795,BK14,2018-04,2018,4,39
796,BK14,2018-05,2018,5,44
797,BK14,2018-06,2018,6,55
798,BK14,2018-07,2018,7,73
799,BK14,2018-08,2018,8,68
800,BK14,2018-09,2018,9,73
801,BK14,2018-10,2018,10,70
802,BK14,2018-11,2018,11,48
803,BK14,2018-12,2018,12,42
804,BK14,2019-01,2019,1,56
805,BK14,2019-02,2019,2,44
806,BK14,2019-03,2019,3,69
807,BK14,2019-04,2019,4,36
808,BK14,2019-05,2019,5,78
809,BK14,2019-06,2019,6,71
810,BK14,2019-07,2019,7,2
811,BK14,2019-08,2019,8,59
812,BK14,2019-09,2019,9,48
813,BK14,2019-10,2019,10,37
814,BK14,2019-11,2019,11,54
815,BK14,2019-12,2019,12,49
816,BK14,2020-01,2020,1,60
817,BK14,2020-02,2020,2,50
818,BK14,2020-03,2020,3,36
819,BK14,2020-04,2020,4,28
820,BK14,2020-05,2020,5,34
821,BK14,2020-06,2020,6,47
822,BK14,2020-07,2020,7,55
823,BK14,2020-08,2020,8,70
824,BK14,2020-09,2020,9,80
825,BK14,2020-10,2020,10,38
826,BK14,2020-11,2020,11,32
827,BK14,2020-12,2020,12,40
828,BK14,2021-01,2021,1,41
829,BK14,2021-02,2021,2,30
830,BK14,2021-03,2021,3,96
831,BK14,2021-04,2021,4,64
832,BK14,2021-05,2021,5,77
833,BK14,2021-06,2021,6,64
834,BK14,2021-07,2021,7,115
835,BK14,2021-08,2021,8,112
836,BK14,2021-09,2021,9,118
837,BK14,2021-10,2021,10,69
838,BK15,2016-11,2016,11,43
839,BK15,2016-12,2016,12,56
840,BK15,2017-01,2017,1,46
841,BK15,2017-02,2017,2,76
842,BK15,2017-03,2017,3,60
843,BK15,2017-04,2017,4,77
844,BK15,2017-05,2017,5,57
845,BK15,2017-06,2017,6,86
846,BK15,2017-07,2017,7,62
847,BK15,2017-08,2017,8,56
848,BK15,2017-09,2017,9,75
849,BK15,2017-10,2017,10,51
850,BK15,2017-11,2017,11,33
851,BK15,2017-12,2017,12,38
852,BK15,2018-01,2018,1,37
853,BK15,2018-02,2018,2,41
854,BK15,2018-03,2018,3,51
855,BK15,2018-04,2018,4,51
856,BK15,2018-05,2018,5,51
857,BK15,2018-06,2018,6,56
858,BK15,2018-07,2018,7,67
859,BK15,2018-08,2018,8,91
860,BK15,2018-09,2018,9,79
861,BK15,2018-10,2018,10,78
862,BK15,2018-11,2018,11,38
863,BK15,2018-12,2018,12,58
864,BK15,2019-01,2019,1,42
865,BK15,2019-02,2019,2,53
866,BK15,2019-03,2019,3,84
867,BK15,2019-04,2019,4,72
868,BK15,2019-05,2019,5,63
869,BK15,2019-06,2019,6,67
870,BK15,2019-07,2019,7,2
871,BK15,2019-08,2019,8,58
872,BK15,2019-09,2019,9,60
873,BK15,2019-10,2019,10,25
874,BK15,2019-11,2019,11,30
875,BK15,2019-12,2019,12,29
876,BK15,2020-01,2020,1,39
877,BK15,2020-02,2020,2,38
878,BK15,2020-03,2020,3,36
879,BK15,2020-04,2020,4,22
880,BK15,2020-05,2020,5,38
881,BK15,2020-06,2020,6,43
882,BK15,2020-07,2020,7,65
883,BK15,2020-08,2020,8,55
884,BK15,2020-09,2020,9,45
885,BK15,2020-10,2020,10,27
886,BK15,2020-11,2020,11,26
887,BK15,2020-12,2020,12,23
888,BK15,2021-01,2021,1,40
889,BK15,2021-02,2021,2,31
890,BK15,2021-03,2021,3,68
891,BK15,2021-04,2021,4,60
892,BK15,2021-05,2021,5,57
893,BK15,2021-06,2021,6,97
894,BK15,2021-07,2021,7,73
895,BK15,2021-08,2021,8,98
896,BK15,2021-09,2021,9,108
897,BK15,2021-10,2021,10,83
898,BK16,2016-11,2016,11,27
899,BK16,2016-12,2016,12,23
900,BK16,2017-01,2017,1,30
901,BK16,2017-02,2017,2,27
902,BK16,2017-03,2017,3,26
903,BK16,2017-04,2017,4,26
904,BK16,2017-05,2017,5,22
905,BK16,2017-06,2017,6,36
906,BK16,2017-07,2017,7,48
907,BK16,2017-08,2017,8,34
908,BK16,2017-09,2017,9,37
909,BK16,2017-10,2017,10,24
910,BK16,2017-11,2017,11,15
911,BK16,2017-12,2017,12,22
912,BK16,2018-01,2018,1,28
913,BK16,2018-02,2018,2,24
914,BK16,2018-03,2018,3,36
915,BK16,2018-04,2018,4,34
916,BK16,2018-05,2018,5,40
917,BK16,2018-06,2018,6,46
918,BK16,2018-07,2018,7,38
919,BK16,2018-08,2018,8,53
920,BK16,2018-09,2018,9,45
921,BK16,2018-10,2018,10,37
922,BK16,2018-11,2018,11,22
923,BK16,2018-12,2018,12,20
924,BK16,2019-01,2019,1,29
925,BK16,2019-02,2019,2,24
926,BK16,2019-03,2019,3,25
927,BK16,2019-04,2019,4,33
928,BK16,2019-05,2019,5,24
929,BK16,2019-06,2019,6,36
930,BK16,2019-07,2019,7,2
931,BK16,2019-08,2019,8,31
932,BK16,2019-09,2019,9,24
933,BK16,2019-10,2019,10,23
934,BK16,2019-11,2019,11,19
935,BK16,2019-12,2019,12,11
936,BK16,2020-01,2020,1,17
937,BK16,2020-02,2020,2,23
938,BK16,2020-03,2020,3,25
939,BK16,2020-04,2020,4,14
940,BK16,2020-05,2020,5,13
941,BK16,2020-06,2020,6,21
942,BK16,2020-07,2020,7,39
943,BK16,2020-08,2020,8,46
944,BK16,2020-09,2020,9,47
945,BK16,2020-10,2020,10,33
946,BK16,2020-11,2020,11,25
947,BK16,2020-12,2020,12,15
948,BK16,2021-01,2021,1,29
949,BK16,2021-02,2021,2,16
950,BK16,2021-03,2021,3,50
951,BK16,2021-04,2021,4,44
952,BK16,2021-05,2021,5,85
953,BK16,2021-06,2021,6,63
954,BK16,2021-07,2021,7,73
955,BK16,2021-08,2021,8,69
956,BK16,2021-09,2021,9,59
957,BK16,2021-10,2021,10,30
958,BK17,2016-11,2016,11,44
959,BK17,2016-12,2016,12,45
960,BK17,2017-01,2017,1,43
961,BK17,2017-02,2017,2,46
962,BK17,2017-03,2017,3,66
963,BK17,2017-04,2017,4,75
964,BK17,2017-05,2017,5,81
965,BK17,2017-06,2017,6,74
966,BK17,2017-07,2017,7,68
967,BK17,2017-08,2017,8,73
968,BK17,2017-09,2017,9,55
969,BK17,2017-10,2017,10,47
970,BK17,2017-11,2017,11,49
971,BK17,2017-12,2017,12,44
972,BK17,2018-01,2018,1,44
973,BK17,2018-02,2018,2,52
974,BK17,2018-03,2018,3,57
975,BK17,2018-04,2018,4,41
976,BK17,2018-05,2018,5,107
977,BK17,2018-06,2018,6,140
978,BK17,2018-07,2018,7,104
979,BK17,2018-08,2018,8,105
980,BK17,2018-09,2018,9,97
981,BK17,2018-10,2018,10,75
982,BK17,2018-11,2018,11,49
983,BK17,2018-12,2018,12,56
984,BK17,2019-01,2019,1,46
985,BK17,2019-02,2019,2,45
986,BK17,2019-03,2019,3,49
987,BK17,2019-04,2019,4,63
988,BK17,2019-05,2019,5,73
989,BK17,2019-06,2019,6,76
990,BK17,2019-07,2019,7,2
991,BK17,2019-08,2019,8,64
992,BK17,2019-09,2019,9,80
993,BK17,2019-10,2019,10,58
994,BK17,2019-11,2019,11,49
995,BK17,2019-12,2019,12,107
996,BK17,2020-01,2020,1,74
997,BK17,2020-02,2020,2,77
998,BK17,2020-03,2020,3,42
999,BK17,2020-04,2020,4,36
1000,BK17,2020-05,2020,5,63
1001,BK17,2020-06,2020,6,63
1002,BK17,2020-07,2020,7,50
1003,BK17,2020-08,2020,8,70
1004,BK17,2020-09,2020,9,88
1005,BK17,2020-10,2020,10,62
1006,BK17,2020-11,2020,11,42
1007,BK17,2020-12,2020,12,58
1008,BK17,2021-01,2021,1,64
1009,BK17,2021-02,2021,2,51
1010,BK17,2021-03,2021,3,141
1011,BK17,2021-04,2021,4,117
1012,BK17,2021-05,2021,5,102
1013,BK17,2021-06,2021,6,111
1014,BK17,2021-07,2021,7,127
1015,BK17,2021-08,2021,8,138
1016,BK17,2021-09,2021,9,104
1017,BK17,2021-10,2021,10,89
1018,BK18,2016-11,2016,11,55
1019,BK18,2016-12,2016,12,68
1020,BK18,2017-01,2017,1,53
1021,BK18,2017-02,2017,2,62
1022,BK18,2017-03,2017,3,66
1023,BK18,2017-04,2017,4,83
1024,BK18,2017-05,2017,5,68
1025,BK18,2017-06,2017,6,97
1026,BK18,2017-07,2017,7,110
1027,BK18,2017-08,2017,8,101
1028,BK18,2017-09,2017,9,75
1029,BK18,2017-10,2017,10,69
1030,BK18,2017-11,2017,11,41
1031,BK18,2017-12,2017,12,47
1032,BK18,2018-01,2018,1,55
1033,BK18,2018-02,2018,2,46
1034,BK18,2018-03,2018,3,54
1035,BK18,2018-04,2018,4,56
1036,BK18,2018-05,2018,5,82
1037,BK18,2018-06,2018,6,88
1038,BK18,2018-07,2018,7,103
1039,BK18,2018-08,2018,8,122
1040,BK18,2018-09,2018,9,97
1041,BK18,2018-10,2018,10,74
1042,BK18,2018-11,2018,11,61
1043,BK18,2018-12,2018,12,66
1044,BK18,2019-01,2019,1,67
1045,BK18,2019-02,2019,2,55
1046,BK18,2019-03,2019,3,75
1047,BK18,2019-04,2019,4,65
1048,BK18,2019-05,2019,5,71
1049,BK18,2019-06,2019,6,109
1050,BK18,2019-07,2019,7,6
1051,BK18,2019-08,2019,8,79
1052,BK18,2019-09,2019,9,55
1053,BK18,2019-10,2019,10,48
1054,BK18,2019-11,2019,11,28
1055,BK18,2019-12,2019,12,38
1056,BK18,2020-01,2020,1,32
1057,BK18,2020-02,2020,2,47
1058,BK18,2020-03,2020,3,35
1059,BK18,2020-04,2020,4,28
1060,BK18,2020-05,2020,5,52
1061,BK18,2020-06,2020,6,55
1062,BK18,2020-07,2020,7,64
1063,BK18,2020-08,2020,8,94
1064,BK18,2020-09,2020,9,66
1065,BK18,2020-10,2020,10,43
1066,BK18,2020-11,2020,11,42
1067,BK18,2020-12,2020,12,37
1068,BK18,2021-01,2021,1,35
1069,BK18,2021-02,2021,2,19
1070,BK18,2021-03,2021,3,83
1071,BK18,2021-04,2021,4,87
1072,BK18,2021-05,2021,5,67
1073,BK18,2021-06,2021,6,78
1074,BK18,2021-07,2021,7,85
1075,BK18,2021-08,2021,8,101
1076,BK18,2021-09,2021,9,84
1077,BK18,2021-10,2021,10,60
1078,BX01,2016-11,2016,11,15
1079,BX01,2016-12,2016,12,7
1080,BX01,2017-01,2017,1,11
1081,BX01,2017-02,2017,2,7
1082,BX01,2017-03,2017,3,33
1083,BX01,2017-04,2017,4,12
1084,BX01,2017-05,2017,5,30
1085,BX01,2017-06,2017,6,32
1086,BX01,2017-07,2017,7,30
1087,BX01,2017-08,2017,8,29
1088,BX01,2017-09,2017,9,38
1089,BX01,2017-10,2017,10,26
1090,BX01,2017-11,2017,11,17
1091,BX01,2017-12,2017,12,18
1092,BX01,2018-01,2018,1,15
1093,BX01,2018-02,2018,2,21
1094,BX01,2018-03,2018,3,18
1095,BX01,2018-04,2018,4,36
1096,BX01,2018-05,2018,5,26
1097,BX01,2018-06,2018,6,40
1098,BX01,2018-07,2018,7,34
1099,BX01,2018-08,2018,8,57
1100,BX01,2018-09,2018,9,65
1101,BX01,2018-10,2018,10,41
1102,BX01,2018-11,2018,11,21
1103,BX01,2018-12,2018,12,17
1104,BX01,2019-01,2019,1,23
1105,BX01,2019-02,2019,2,21
1106,BX01,2019-03,2019,3,15
1107,BX01,2019-04,2019,4,26
1108,BX01,2019-05,2019,5,23
1109,BX01,2019-06,2019,6,34
1110,BX01,2019-07,2019,7,1
1111,BX01,2019-08,2019,8,20
1112,BX01,2019-09,2019,9,24
1113,BX01,2019-10,2019,10,11
1114,BX01,2019-11,2019,11,14
1115,BX01,2019-12,2019,12,13
1116,BX01,2020-01,2020,1,12
1117,BX01,2020-02,2020,2,17
1118,BX01,2020-03,2020,3,9
1119,BX01,2020-04,2020,4,7
1120,BX01,2020-05,2020,5,8
1121,BX01,2020-06,2020,6,31
1122,BX01,2020-07,2020,7,34
1123,BX01,2020-08,2020,8,28
1124,BX01,2020-09,2020,9,28
1125,BX01,2020-10,2020,10,21
1126,BX01,2020-11,2020,11,14
1127,BX01,2020-12,2020,12,12
1128,BX01,2021-01,2021,1,17
1129,BX01,2021-02,2021,2,6
1130,BX01,2021-03,2021,3,30
1131,BX01,2021-04,2021,4,82
1132,BX01,2021-05,2021,5,42
1133,BX01,2021-06,2021,6,54
1134,BX01,2021-07,2021,7,70
1135,BX01,2021-08,2021,8,126
1136,BX01,2021-09,2021,9,95
1137,BX01,2021-10,2021,10,83
1138,BX02,2016-11,2016,11,15
1139,BX02,2016-12,2016,12,7
1140,BX02,2017-01,2017,1,11
1141,BX02,2017-02,2017,2,12
1142,BX02,2017-03,2017,3,16
1143,BX02,2017-04,2017,4,13
1144,BX02,2017-05,2017,5,14
1145,BX02,2017-06,2017,6,12
1146,BX02,2017-07,2017,7,23
1147,BX02,2017-08,2017,8,18
1148,BX02,2017-09,2017,9,14
1149,BX02,2017-10,2017,10,14
1150,BX02,2017-11,2017,11,9
1151,BX02,2017-12,2017,12,3
1152,BX02,2018-01,2018,1,19
1153,BX02,2018-02,2018,2,18
1154,BX02,2018-03,2018,3,12
1155,BX02,2018-04,2018,4,11
1156,BX02,2018-05,2018,5,10
1157,BX02,2018-06,2018,6,12
1158,BX02,2018-07,2018,7,17
1159,BX02,2018-08,2018,8,12
1160,BX02,2018-09,2018,9,27
1161,BX02,2018-10,2018,10,10
1162,BX02,2018-11,2018,11,8
1163,BX02,2018-12,2018,12,8
1164,BX02,2019-01,2019,1,10
1165,BX02,2019-02,2019,2,7
1166,BX02,2019-03,2019,3,11
1167,BX02,2019-04,2019,4,8
1168,BX02,2019-05,2019,5,20
1169,BX02,2019-06,2019,6,27
1170,BX02,2019-07,2019,7,1
1171,BX02,2019-08,2019,8,14
1172,BX02,2019-09,2019,9,18
1173,BX02,2019-10,2019,10,14
1174,BX02,2019-11,2019,11,17
1175,BX02,2019-12,2019,12,15
1176,BX02,2020-01,2020,1,18
1177,BX02,2020-02,2020,2,12
1178,BX02,2020-03,2020,3,5
1179,BX02,2020-04,2020,4,14
1180,BX02,2020-05,2020,5,8
1181,BX02,2020-06,2020,6,13
1182,BX02,2020-07,2020,7,14
1183,BX02,2020-08,2020,8,18
1184,BX02,2020-09,2020,9,24
1185,BX02,2020-10,2020,10,14
1186,BX02,2020-11,2020,11,5
1187,BX02,2020-12,2020,12,6
1188,BX02,2021-01,2021,1,11
1189,BX02,2021-02,2021,2,3
1190,BX02,2021-03,2021,3,39
1191,BX02,2021-04,2021,4,17
1192,BX02,2021-05,2021,5,20
1193,BX02,2021-06,2021,6,25
1194,BX02,2021-07,2021,7,34
1195,BX02,2021-08,2021,8,48
1196,BX02,2021-09,2021,9,40
1197,BX02,2021-10,2021,10,27
1198,BX03,2016-11,2016,11,12
1199,BX03,2016-12,2016,12,12
1200,BX03,2017-01,2017,1,15
1201,BX03,2017-02,2017,2,15
1202,BX03,2017-03,2017,3,26
1203,BX03,2017-04,2017,4,30
1204,BX03,2017-05,2017,5,25
1205,BX03,2017-06,2017,6,26
1206,BX03,2017-07,2017,7,35
1207,BX03,2017-08,2017,8,27
1208,BX03,2017-09,2017,9,24
1209,BX03,2017-10,2017,10,26
1210,BX03,2017-11,2017,11,19
1211,BX03,2017-12,2017,12,20
1212,BX03,2018-01,2018,1,24
1213,BX03,2018-02,2018,2,11
1214,BX03,2018-03,2018,3,14
1215,BX03,2018-04,2018,4,18
1216,BX03,2018-05,2018,5,18
1217,BX03,2018-06,2018,6,21
1218,BX03,2018-07,2018,7,28
1219,BX03,2018-08,2018,8,35
1220,BX03,2018-09,2018,9,39
1221,BX03,2018-10,2018,10,25
1222,BX03,2018-11,2018,11,13
1223,BX03,2018-12,2018,12,9
1224,BX03,2019-01,2019,1,18
1225,BX03,2019-02,2019,2,24
1226,BX03,2019-03,2019,3,20
1227,BX03,2019-04,2019,4,19
1228,BX03,2019-05,2019,5,16
1229,BX03,2019-06,2019,6,28
1230,BX03,2019-08,2019,8,26
1231,BX03,2019-09,2019,9,18
1232,BX03,2019-10,2019,10,12
1233,BX03,2019-11,2019,11,6
1234,BX03,2019-12,2019,12,10
1235,BX03,2020-01,2020,1,6
1236,BX03,2020-02,2020,2,10
1237,BX03,2020-03,2020,3,5
1238,BX03,2020-04,2020,4,7
1239,BX03,2020-05,2020,5,13
1240,BX03,2020-06,2020,6,35
1241,BX03,2020-07,2020,7,38
1242,BX03,2020-08,2020,8,36
1243,BX03,2020-09,2020,9,41
1244,BX03,2020-10,2020,10,19
1245,BX03,2020-11,2020,11,23
1246,BX03,2020-12,2020,12,16
1247,BX03,2021-01,2021,1,19
1248,BX03,2021-02,2021,2,18
1249,BX03,2021-03,2021,3,21
1250,BX03,2021-04,2021,4,21
1251,BX03,2021-05,2021,5,30
1252,BX03,2021-06,2021,6,39
1253,BX03,2021-07,2021,7,64
1254,BX03,2021-08,2021,8,66
1255,BX03,2021-09,2021,9,59
1256,BX03,2021-10,2021,10,53
1257,BX04,2016-11,2016,11,29
1258,BX04,2016-12,2016,12,26
1259,BX04,2017-01,2017,1,19
1260,BX04,2017-02,2017,2,40
1261,BX04,2017-03,2017,3,37
1262,BX04,2017-04,2017,4,48
1263,BX04,2017-05,2017,5,31
1264,BX04,2017-06,2017,6,32
1265,BX04,2017-07,2017,7,31
1266,BX04,2017-08,2017,8,27
1267,BX04,2017-09,2017,9,21
1268,BX04,2017-10,2017,10,18
1269,BX04,2017-11,2017,11,17
1270,BX04,2017-12,2017,12,14
1271,BX04,2018-01,2018,1,15
1272,BX04,2018-02,2018,2,21
1273,BX04,2018-03,2018,3,27
1274,BX04,2018-04,2018,4,26
1275,BX04,2018-05,2018,5,33
1276,BX04,2018-06,2018,6,29
1277,BX04,2018-07,2018,7,25
1278,BX04,2018-08,2018,8,38
1279,BX04,2018-09,2018,9,29
1280,BX04,2018-10,2018,10,35
1281,BX04,2018-11,2018,11,21
1282,BX04,2018-12,2018,12,22
1283,BX04,2019-01,2019,1,21
1284,BX04,2019-02,2019,2,21
1285,BX04,2019-03,2019,3,14
1286,BX04,2019-04,2019,4,18
1287,BX04,2019-05,2019,5,19
1288,BX04,2019-06,2019,6,31
1289,BX04,2019-08,2019,8,26
1290,BX04,2019-09,2019,9,25
1291,BX04,2019-10,2019,10,26
1292,BX04,2019-11,2019,11,15
1293,BX04,2019-12,2019,12,16
1294,BX04,2020-01,2020,1,18
1295,BX04,2020-02,2020,2,15
1296,BX04,2020-03,2020,3,16
1297,BX04,2020-04,2020,4,9
1298,BX04,2020-05,2020,5,26
1299,BX04,2020-06,2020,6,33
1300,BX04,2020-07,2020,7,43
1301,BX04,2020-08,2020,8,38
1302,BX04,2020-09,2020,9,38
1303,BX04,2020-10,2020,10,27
1304,BX04,2020-11,2020,11,10
1305,BX04,2020-12,2020,12,20
1306,BX04,2021-01,2021,1,20
1307,BX04,2021-02,2021,2,17
1308,BX04,2021-03,2021,3,46
1309,BX04,2021-04,2021,4,40
1310,BX04,2021-05,2021,5,28
1311,BX04,2021-06,2021,6,65
1312,BX04,2021-07,2021,7,61
1313,BX04,2021-08,2021,8,53
1314,BX04,2021-09,2021,9,64
1315,BX04,2021-10,2021,10,70
1316,BX05,2016-11,2016,11,15
1317,BX05,2016-12,2016,12,8
1318,BX05,2017-01,2017,1,14
1319,BX05,2017-02,2017,2,15
1320,BX05,2017-03,2017,3,17
1321,BX05,2017-04,2017,4,15
1322,BX05,2017-05,2017,5,15
1323,BX05,2017-06,2017,6,28
1324,BX05,2017-07,2017,7,21
1325,BX05,2017-08,2017,8,35
1326,BX05,2017-09,2017,9,21
1327,BX05,2017-10,2017,10,6
1328,BX05,2017-11,2017,11,9
1329,BX05,2017-12,2017,12,4
1330,BX05,2018-01,2018,1,15
1331,BX05,2018-02,2018,2,14
1332,BX05,2018-03,2018,3,14
1333,BX05,2018-04,2018,4,7
1334,BX05,2018-05,2018,5,28
1335,BX05,2018-06,2018,6,14
1336,BX05,2018-07,2018,7,23
1337,BX05,2018-08,2018,8,30
1338,BX05,2018-09,2018,9,33
1339,BX05,2018-10,2018,10,28
1340,BX05,2018-11,2018,11,22
1341,BX05,2018-12,2018,12,18
1342,BX05,2019-01,2019,1,9
1343,BX05,2019-02,2019,2,16
1344,BX05,2019-03,2019,3,14
1345,BX05,2019-04,2019,4,17
1346,BX05,2019-05,2019,5,23
1347,BX05,2019-06,2019,6,24
1348,BX05,2019-08,2019,8,14
1349,BX05,2019-09,2019,9,21
1350,BX05,2019-10,2019,10,11
1351,BX05,2019-11,2019,11,7
1352,BX05,2019-12,2019,12,12
1353,BX05,2020-01,2020,1,19
1354,BX05,2020-02,2020,2,15
1355,BX05,2020-03,2020,3,9
1356,BX05,2020-04,2020,4,7
1357,BX05,2020-05,2020,5,23
1358,BX05,2020-06,2020,6,31
1359,BX05,2020-07,2020,7,43
1360,BX05,2020-08,2020,8,40
1361,BX05,2020-09,2020,9,29
1362,BX05,2020-10,2020,10,17
1363,BX05,2020-11,2020,11,13
1364,BX05,2020-12,2020,12,11
1365,BX05,2021-01,2021,1,19
1366,BX05,2021-02,2021,2,6
1367,BX05,2021-03,2021,3,40
1368,BX05,2021-04,2021,4,18
1369,BX05,2021-05,2021,5,32
1370,BX05,2021-06,2021,6,59
1371,BX05,2021-07,2021,7,47
1372,BX05,2021-08,2021,8,65
1373,BX05,2021-09,2021,9,54
1374,BX05,2021-10,2021,10,53
1375,BX06,2016-11,2016,11,11
1376,BX06,2016-12,2016,12,21
1377,BX06,2017-01,2017,1,15
1378,BX06,2017-02,2017,2,18
1379,BX06,2017-03,2017,3,19
1380,BX06,2017-04,2017,4,30
1381,BX06,2017-05,2017,5,17
1382,BX06,2017-06,2017,6,30
1383,BX06,2017-07,2017,7,29
1384,BX06,2017-08,2017,8,31
1385,BX06,2017-09,2017,9,15
1386,BX06,2017-10,2017,10,14
1387,BX06,2017-11,2017,11,9
1388,BX06,2017-12,2017,12,6
1389,BX06,2018-01,2018,1,8
1390,BX06,2018-02,2018,2,20
1391,BX06,2018-03,2018,3,18
1392,BX06,2018-04,2018,4,20
1393,BX06,2018-05,2018,5,23
1394,BX06,2018-06,2018,6,26
1395,BX06,2018-07,2018,7,25
1396,BX06,2018-08,2018,8,25
1397,BX06,2018-09,2018,9,32
1398,BX06,2018-10,2018,10,22
1399,BX06,2018-11,2018,11,10
1400,BX06,2018-12,2018,12,19
1401,BX06,2019-01,2019,1,20
1402,BX06,2019-02,2019,2,20
1403,BX06,2019-03,2019,3,19
1404,BX06,2019-04,2019,4,22
1405,BX06,2019-05,2019,5,20
1406,BX06,2019-06,2019,6,30
1407,BX06,2019-07,2019,7,3
1408,BX06,2019-08,2019,8,22
1409,BX06,2019-09,2019,9,23
1410,BX06,2019-10,2019,10,16
1411,BX06,2019-11,2019,11,13
1412,BX06,2019-12,2019,12,11
1413,BX06,2020-01,2020,1,22
1414,BX06,2020-02,2020,2,14
1415,BX06,2020-03,2020,3,9
1416,BX06,2020-04,2020,4,8
1417,BX06,2020-05,2020,5,5
1418,BX06,2020-06,2020,6,23
1419,BX06,2020-07,2020,7,36
1420,BX06,2020-08,2020,8,29
1421,BX06,2020-09,2020,9,39
1422,BX06,2020-10,2020,10,26
1423,BX06,2020-11,2020,11,18
1424,BX06,2020-12,2020,12,22
1425,BX06,2021-01,2021,1,22
1426,BX06,2021-02,2021,2,14
1427,BX06,2021-03,2021,3,28
1428,BX06,2021-04,2021,4,22
1429,BX06,2021-05,2021,5,24
1430,BX06,2021-06,2021,6,46
1431,BX06,2021-07,2021,7,48
1432,BX06,2021-08,2021,8,88
1433,BX06,2021-09,2021,9,99
1434,BX06,2021-10,2021,10,167
1435,BX07,2016-11,2016,11,10
1436,BX07,2016-12,2016,12,17
1437,BX07,2017-01,2017,1,18
1438,BX07,2017-02,2017,2,27
1439,BX07,2017-03,2017,3,25
1440,BX07,2017-04,2017,4,27
1441,BX07,2017-05,2017,5,30
1442,BX07,2017-06,2017,6,27
1443,BX07,2017-07,2017,7,32
1444,BX07,2017-08,2017,8,32
1445,BX07,2017-09,2017,9,30
1446,BX07,2017-10,2017,10,26
1447,BX07,2017-11,2017,11,22
1448,BX07,2017-12,2017,12,15
1449,BX07,2018-01,2018,1,17
1450,BX07,2018-02,2018,2,14
1451,BX07,2018-03,2018,3,24
1452,BX07,2018-04,2018,4,17
1453,BX07,2018-05,2018,5,31
1454,BX07,2018-06,2018,6,30
1455,BX07,2018-07,2018,7,34
1456,BX07,2018-08,2018,8,25
1457,BX07,2018-09,2018,9,32
1458,BX07,2018-10,2018,10,23
1459,BX07,2018-11,2018,11,20
1460,BX07,2018-12,2018,12,21
1461,BX07,2019-01,2019,1,18
1462,BX07,2019-02,2019,2,18
1463,BX07,2019-03,2019,3,26
1464,BX07,2019-04,2019,4,27
1465,BX07,2019-05,2019,5,30
1466,BX07,2019-06,2019,6,32
1467,BX07,2019-07,2019,7,2
1468,BX07,2019-08,2019,8,32
1469,BX07,2019-09,2019,9,23
1470,BX07,2019-10,2019,10,30
1471,BX07,2019-11,2019,11,16
1472,BX07,2019-12,2019,12,23
1473,BX07,2020-01,2020,1,27
1474,BX07,2020-02,2020,2,34
1475,BX07,2020-03,2020,3,19
1476,BX07,2020-04,2020,4,14
1477,BX07,2020-05,2020,5,25
1478,BX07,2020-06,2020,6,24
1479,BX07,2020-07,2020,7,49
1480,BX07,2020-08,2020,8,41
1481,BX07,2020-09,2020,9,33
1482,BX07,2020-10,2020,10,30
1483,BX07,2020-11,2020,11,22
1484,BX07,2020-12,2020,12,16
1485,BX07,2021-01,2021,1,33
1486,BX07,2021-02,2021,2,36
1487,BX07,2021-03,2021,3,58
1488,BX07,2021-04,2021,4,94
1489,BX07,2021-05,2021,5,89
1490,BX07,2021-06,2021,6,92
1491,BX07,2021-07,2021,7,79
1492,BX07,2021-08,2021,8,70
1493,BX07,2021-09,2021,9,72
1494,BX07,2021-10,2021,10,116
1495,BX08,2016-11,2016,11,32
1496,BX08,2016-12,2016,12,26
1497,BX08,2017-01,2017,1,18
1498,BX08,2017-02,2017,2,26
1499,BX08,2017-03,2017,3,32
1500,BX08,2017-04,2017,4,26
1501,BX08,2017-05,2017,5,18
1502,BX08,2017-06,2017,6,23
1503,BX08,2017-07,2017,7,17
1504,BX08,2017-08,2017,8,20
1505,BX08,2017-09,2017,9,19
1506,BX08,2017-10,2017,10,27
1507,BX08,2017-11,2017,11,26
1508,BX08,2017-12,2017,12,20
1509,BX08,2018-01,2018,1,19
1510,BX08,2018-02,2018,2,22
1511,BX08,2018-03,2018,3,26
1512,BX08,2018-04,2018,4,21
1513,BX08,2018-05,2018,5,35
1514,BX08,2018-06,2018,6,26
1515,BX08,2018-07,2018,7,34
1516,BX08,2018-08,2018,8,33
1517,BX08,2018-09,2018,9,46
1518,BX08,2018-10,2018,10,31
1519,BX08,2018-11,2018,11,17
1520,BX08,2018-12,2018,12,22
1521,BX08,2019-01,2019,1,20
1522,BX08,2019-02,2019,2,33
1523,BX08,2019-03,2019,3,21
1524,BX08,2019-04,2019,4,17
1525,BX08,2019-05,2019,5,25
1526,BX08,2019-06,2019,6,22
1527,BX08,2019-08,2019,8,17
1528,BX08,2019-09,2019,9,31
1529,BX08,2019-10,2019,10,22
1530,BX08,2019-11,2019,11,33
1531,BX08,2019-12,2019,12,22
1532,BX08,2020-01,2020,1,20
1533,BX08,2020-02,2020,2,48
1534,BX08,2020-03,2020,3,40
1535,BX08,2020-04,2020,4,49
1536,BX08,2020-05,2020,5,52
1537,BX08,2020-06,2020,6,44
1538,BX08,2020-07,2020,7,34
1539,BX08,2020-08,2020,8,55
1540,BX08,2020-09,2020,9,43
1541,BX08,2020-10,2020,10,64
1542,BX08,2020-11,2020,11,76
1543,BX08,2020-12,2020,12,76
1544,BX08,2021-01,2021,1,66
1545,BX08,2021-02,2021,2,29
1546,BX08,2021-03,2021,3,86
1547,BX08,2021-04,2021,4,55
1548,BX08,2021-05,2021,5,67
1549,BX08,2021-06,2021,6,62
1550,BX08,2021-07,2021,7,67
1551,BX08,2021-08,2021,8,69
1552,BX08,2021-09,2021,9,65
1553,BX08,2021-10,2021,10,74
1554,BX09,2016-11,2016,11,48
1555,BX09,2016-12,2016,12,49
1556,BX09,2017-01,2017,1,50
1557,BX09,2017-02,2017,2,63
1558,BX09,2017-03,2017,3,52
1559,BX09,2017-04,2017,4,51
1560,BX09,2017-05,2017,5,52
1561,BX09,2017-06,2017,6,43
1562,BX09,2017-07,2017,7,67
1563,BX09,2017-08,2017,8,71
1564,BX09,2017-09,2017,9,48
1565,BX09,2017-10,2017,10,51
1566,BX09,2017-11,2017,11,26
1567,BX09,2017-12,2017,12,27
1568,BX09,2018-01,2018,1,35
1569,BX09,2018-02,2018,2,39
1570,BX09,2018-03,2018,3,49
1571,BX09,2018-04,2018,4,42
1572,BX09,2018-05,2018,5,56
1573,BX09,2018-06,2018,6,76
1574,BX09,2018-07,2018,7,67
1575,BX09,2018-08,2018,8,58
1576,BX09,2018-09,2018,9,58
1577,BX09,2018-10,2018,10,55
1578,BX09,2018-11,2018,11,23
1579,BX09,2018-12,2018,12,29
1580,BX09,2019-01,2019,1,37
1581,BX09,2019-02,2019,2,38
1582,BX09,2019-03,2019,3,39
1583,BX09,2019-04,2019,4,45
1584,BX09,2019-05,2019,5,52
1585,BX09,2019-06,2019,6,67
1586,BX09,2019-07,2019,7,1
1587,BX09,2019-08,2019,8,32
1588,BX09,2019-09,2019,9,46
1589,BX09,2019-10,2019,10,35
1590,BX09,2019-11,2019,11,23
1591,BX09,2019-12,2019,12,21
1592,BX09,2020-01,2020,1,21
1593,BX09,2020-02,2020,2,34
1594,BX09,2020-03,2020,3,19
1595,BX09,2020-04,2020,4,18
1596,BX09,2020-05,2020,5,29
1597,BX09,2020-06,2020,6,32
1598,BX09,2020-07,2020,7,59
1599,BX09,2020-08,2020,8,60
1600,BX09,2020-09,2020,9,36
1601,BX09,2020-10,2020,10,27
1602,BX09,2020-11,2020,11,22
1603,BX09,2020-12,2020,12,25
1604,BX09,2021-01,2021,1,32
1605,BX09,2021-02,2021,2,19
1606,BX09,2021-03,2021,3,61
1607,BX09,2021-04,2021,4,26
1608,BX09,2021-05,2021,5,53
1609,BX09,2021-06,2021,6,63
1610,BX09,2021-07,2021,7,96
1611,BX09,2021-08,2021,8,85
1612,BX09,2021-09,2021,9,60
1613,BX09,2021-10,2021,10,62
1614,BX10,2016-11,2016,11,48
1615,BX10,2016-12,2016,12,72
1616,BX10,2017-01,2017,1,41
1617,BX10,2017-02,2017,2,49
1618,BX10,2017-03,2017,3,56
1619,BX10,2017-04,2017,4,56
1620,BX10,2017-05,2017,5,47
1621,BX10,2017-06,2017,6,59
1622,BX10,2017-07,2017,7,70
1623,BX10,2017-08,2017,8,77
1624,BX10,2017-09,2017,9,58
1625,BX10,2017-10,2017,10,40
1626,BX10,2017-11,2017,11,39
1627,BX10,2017-12,2017,12,35
1628,BX10,2018-01,2018,1,56
1629,BX10,2018-02,2018,2,47
1630,BX10,2018-03,2018,3,53
1631,BX10,2018-04,2018,4,26
1632,BX10,2018-05,2018,5,46
1633,BX10,2018-06,2018,6,61
1634,BX10,2018-07,2018,7,62
1635,BX10,2018-08,2018,8,67
1636,BX10,2018-09,2018,9,46
1637,BX10,2018-10,2018,10,41
1638,BX10,2018-11,2018,11,22
1639,BX10,2018-12,2018,12,38
1640,BX10,2019-01,2019,1,56
1641,BX10,2019-02,2019,2,42
1642,BX10,2019-03,2019,3,47
1643,BX10,2019-04,2019,4,55
1644,BX10,2019-05,2019,5,62
1645,BX10,2019-06,2019,6,76
1646,BX10,2019-07,2019,7,1
1647,BX10,2019-08,2019,8,65
1648,BX10,2019-09,2019,9,57
1649,BX10,2019-10,2019,10,27
1650,BX10,2019-11,2019,11,22
1651,BX10,2019-12,2019,12,26
1652,BX10,2020-01,2020,1,35
1653,BX10,2020-02,2020,2,44
1654,BX10,2020-03,2020,3,33
1655,BX10,2020-04,2020,4,27
1656,BX10,2020-05,2020,5,42
1657,BX10,2020-06,2020,6,48
1658,BX10,2020-07,2020,7,45
1659,BX10,2020-08,2020,8,42
1660,BX10,2020-09,2020,9,41
1661,BX10,2020-10,2020,10,39
1662,BX10,2020-11,2020,11,27
1663,BX10,2020-12,2020,12,44
1664,BX10,2021-01,2021,1,38
1665,BX10,2021-02,2021,2,38
1666,BX10,2021-03,2021,3,58
1667,BX10,2021-04,2021,4,34
1668,BX10,2021-05,2021,5,64
1669,BX10,2021-06,2021,6,75
1670,BX10,2021-07,2021,7,73
1671,BX10,2021-08,2021,8,68
1672,BX10,2021-09,2021,9,53
1673,BX10,2021-10,2021,10,52
1674,BX11,2016-11,2016,11,23
1675,BX11,2016-12,2016,12,27
1676,BX11,2017-01,2017,1,42
1677,BX11,2017-02,2017,2,52
1678,BX11,2017-03,2017,3,58
1679,BX11,2017-04,2017,4,46
1680,BX11,2017-05,2017,5,31
1681,BX11,2017-06,2017,6,38
1682,BX11,2017-07,2017,7,69
1683,BX11,2017-08,2017,8,58
1684,BX11,2017-09,2017,9,59
1685,BX11,2017-10,2017,10,38
1686,BX11,2017-11,2017,11,38
1687,BX11,2017-12,2017,12,27
1688,BX11,2018-01,2018,1,41
1689,BX11,2018-02,2018,2,40
1690,BX11,2018-03,2018,3,52
1691,BX11,2018-04,2018,4,30
1692,BX11,2018-05,2018,5,38
1693,BX11,2018-06,2018,6,40
1694,BX11,2018-07,2018,7,63
1695,BX11,2018-08,2018,8,65
1696,BX11,2018-09,2018,9,50
1697,BX11,2018-10,2018,10,39
1698,BX11,2018-11,2018,11,25
1699,BX11,2018-12,2018,12,36
1700,BX11,2019-01,2019,1,44
1701,BX11,2019-02,2019,2,25
1702,BX11,2019-03,2019,3,44
1703,BX11,2019-04,2019,4,57
1704,BX11,2019-05,2019,5,51
1705,BX11,2019-06,2019,6,46
1706,BX11,2019-08,2019,8,38
1707,BX11,2019-09,2019,9,33
1708,BX11,2019-10,2019,10,27
1709,BX11,2019-11,2019,11,20
1710,BX11,2019-12,2019,12,10
1711,BX11,2020-01,2020,1,17
1712,BX11,2020-02,2020,2,25
1713,BX11,2020-03,2020,3,20
1714,BX11,2020-04,2020,4,17
1715,BX11,2020-05,2020,5,46
1716,BX11,2020-06,2020,6,36
1717,BX11,2020-07,2020,7,34
1718,BX11,2020-08,2020,8,48
1719,BX11,2020-09,2020,9,34
1720,BX11,2020-10,2020,10,33
1721,BX11,2020-11,2020,11,20
1722,BX11,2020-12,2020,12,31
1723,BX11,2021-01,2021,1,35
1724,BX11,2021-02,2021,2,15
1725,BX11,2021-03,2021,3,43
1726,BX11,2021-04,2021,4,42
1727,BX11,2021-05,2021,5,36
1728,BX11,2021-06,2021,6,59
1729,BX11,2021-07,2021,7,69
1730,BX11,2021-08,2021,8,59
1731,BX11,2021-09,2021,9,41
1732,BX11,2021-10,2021,10,46
1733,BX12,2016-11,2016,11,42
1734,BX12,2016-12,2016,12,33
1735,BX12,2017-01,2017,1,46
1736,BX12,2017-02,2017,2,40
1737,BX12,2017-03,2017,3,53
1738,BX12,2017-04,2017,4,60
1739,BX12,2017-05,2017,5,63
1740,BX12,2017-06,2017,6,79
1741,BX12,2017-07,2017,7,108
1742,BX12,2017-08,2017,8,94
1743,BX12,2017-09,2017,9,81
1744,BX12,2017-10,2017,10,57
1745,BX12,2017-11,2017,11,35
1746,BX12,2017-12,2017,12,40
1747,BX12,2018-01,2018,1,42
1748,BX12,2018-02,2018,2,59
1749,BX12,2018-03,2018,3,72
1750,BX12,2018-04,2018,4,63
1751,BX12,2018-05,2018,5,85
1752,BX12,2018-06,2018,6,88
1753,BX12,2018-07,2018,7,126
1754,BX12,2018-08,2018,8,105
1755,BX12,2018-09,2018,9,91
1756,BX12,2018-10,2018,10,88
1757,BX12,2018-11,2018,11,43
1758,BX12,2018-12,2018,12,29
1759,BX12,2019-01,2019,1,48
1760,BX12,2019-02,2019,2,50
1761,BX12,2019-03,2019,3,69
1762,BX12,2019-04,2019,4,59
1763,BX12,2019-05,2019,5,71
1764,BX12,2019-06,2019,6,53
1765,BX12,2019-07,2019,7,7
1766,BX12,2019-08,2019,8,90
1767,BX12,2019-09,2019,9,81
1768,BX12,2019-10,2019,10,47
1769,BX12,2019-11,2019,11,28
1770,BX12,2019-12,2019,12,33
1771,BX12,2020-01,2020,1,53
1772,BX12,2020-02,2020,2,54
1773,BX12,2020-03,2020,3,22
1774,BX12,2020-04,2020,4,22
1775,BX12,2020-05,2020,5,61
1776,BX12,2020-06,2020,6,68
1777,BX12,2020-07,2020,7,81
1778,BX12,2020-08,2020,8,87
1779,BX12,2020-09,2020,9,75
1780,BX12,2020-10,2020,10,52
1781,BX12,2020-11,2020,11,27
1782,BX12,2020-12,2020,12,32
1783,BX12,2021-01,2021,1,59
1784,BX12,2021-02,2021,2,32
1785,BX12,2021-03,2021,3,85
1786,BX12,2021-04,2021,4,60
1787,BX12,2021-05,2021,5,85
1788,BX12,2021-06,2021,6,90
1789,BX12,2021-07,2021,7,106
1790,BX12,2021-08,2021,8,114
1791,BX12,2021-09,2021,9,102
1792,BX12,2021-10,2021,10,75
1793,MN01,2016-11,2016,11,10
1794,MN01,2016-12,2016,12,7
1795,MN01,2017-01,2017,1,15
1796,MN01,2017-02,2017,2,15
1797,MN01,2017-03,2017,3,15
1798,MN01,2017-04,2017,4,11
1799,MN01,2017-05,2017,5,11
1800,MN01,2017-06,2017,6,12
1801,MN01,2017-07,2017,7,19
1802,MN01,2017-08,2017,8,11
1803,MN01,2017-09,2017,9,13
1804,MN01,2017-10,2017,10,12
1805,MN01,2017-11,2017,11,13
1806,MN01,2017-12,2017,12,10
1807,MN01,2018-01,2018,1,7
1808,MN01,2018-02,2018,2,8
1809,MN01,2018-03,2018,3,10
1810,MN01,2018-04,2018,4,13
1811,MN01,2018-05,2018,5,28
1812,MN01,2018-06,2018,6,28
1813,MN01,2018-07,2018,7,22
1814,MN01,2018-08,2018,8,27
1815,MN01,2018-09,2018,9,14
1816,MN01,2018-10,2018,10,25
1817,MN01,2018-11,2018,11,14
1818,MN01,2018-12,2018,12,18
1819,MN01,2019-01,2019,1,27
1820,MN01,2019-02,2019,2,29
1821,MN01,2019-03,2019,3,24
1822,MN01,2019-04,2019,4,27
1823,MN01,2019-05,2019,5,25
1824,MN01,2019-06,2019,6,23
1825,MN01,2019-07,2019,7,2
1826,MN01,2019-08,2019,8,19
1827,MN01,2019-09,2019,9,24
1828,MN01,2019-10,2019,10,21
1829,MN01,2019-11,2019,11,15
1830,MN01,2019-12,2019,12,8
1831,MN01,2020-01,2020,1,14
1832,MN01,2020-02,2020,2,13
1833,MN01,2020-03,2020,3,8
1834,MN01,2020-04,2020,4,9
1835,MN01,2020-05,2020,5,15
1836,MN01,2020-06,2020,6,12
1837,MN01,2020-07,2020,7,20
1838,MN01,2020-08,2020,8,13
1839,MN01,2020-09,2020,9,11
1840,MN01,2020-10,2020,10,13
1841,MN01,2020-11,2020,11,11
1842,MN01,2020-12,2020,12,8
1843,MN01,2021-01,2021,1,15
1844,MN01,2021-02,2021,2,10
1845,MN01,2021-03,2021,3,13
1846,MN01,2021-04,2021,4,12
1847,MN01,2021-05,2021,5,21
1848,MN01,2021-06,2021,6,25
1849,MN01,2021-07,2021,7,24
1850,MN01,2021-08,2021,8,36
1851,MN01,2021-09,2021,9,39
1852,MN01,2021-10,2021,10,59
1853,MN02,2016-11,2016,11,63
1854,MN02,2016-12,2016,12,51
1855,MN02,2017-01,2017,1,29
1856,MN02,2017-02,2017,2,27
1857,MN02,2017-03,2017,3,43
1858,MN02,2017-04,2017,4,27
1859,MN02,2017-05,2017,5,53
1860,MN02,2017-06,2017,6,50
1861,MN02,2017-07,2017,7,53
1862,MN02,2017-08,2017,8,52
1863,MN02,2017-09,2017,9,58
1864,MN02,2017-10,2017,10,53
1865,MN02,2017-11,2017,11,27
1866,MN02,2017-12,2017,12,19
1867,MN02,2018-01,2018,1,32
1868,MN02,2018-02,2018,2,31
1869,MN02,2018-03,2018,3,34
1870,MN02,2018-04,2018,4,41
1871,MN02,2018-05,2018,5,46
1872,MN02,2018-06,2018,6,64
1873,MN02,2018-07,2018,7,49
1874,MN02,2018-08,2018,8,57
1875,MN02,2018-09,2018,9,52
1876,MN02,2018-10,2018,10,37
1877,MN02,2018-11,2018,11,32
1878,MN02,2018-12,2018,12,30
1879,MN02,2019-01,2019,1,19
1880,MN02,2019-02,2019,2,28
1881,MN02,2019-03,2019,3,29
1882,MN02,2019-04,2019,4,48
1883,MN02,2019-05,2019,5,42
1884,MN02,2019-06,2019,6,50
1885,MN02,2019-07,2019,7,2
1886,MN02,2019-08,2019,8,30
1887,MN02,2019-09,2019,9,39
1888,MN02,2019-10,2019,10,23
1889,MN02,2019-11,2019,11,28
1890,MN02,2019-12,2019,12,23
1891,MN02,2020-01,2020,1,34
1892,MN02,2020-02,2020,2,19
1893,MN02,2020-03,2020,3,13
1894,MN02,2020-04,2020,4,14
1895,MN02,2020-05,2020,5,38
1896,MN02,2020-06,2020,6,26
1897,MN02,2020-07,2020,7,27
1898,MN02,2020-08,2020,8,32
1899,MN02,2020-09,2020,9,34
1900,MN02,2020-10,2020,10,34
1901,MN02,2020-11,2020,11,28
1902,MN02,2020-12,2020,12,15
1903,MN02,2021-01,2021,1,30
1904,MN02,2021-02,2021,2,29
1905,MN02,2021-03,2021,3,65
1906,MN02,2021-04,2021,4,32
1907,MN02,2021-05,2021,5,56
1908,MN02,2021-06,2021,6,71
1909,MN02,2021-07,2021,7,78
1910,MN02,2021-08,2021,8,56
1911,MN02,2021-09,2021,9,84
1912,MN02,2021-10,2021,10,82
1913,MN03,2016-11,2016,11,40
1914,MN03,2016-12,2016,12,27
1915,MN03,2017-01,2017,1,28
1916,MN03,2017-02,2017,2,40
1917,MN03,2017-03,2017,3,42
1918,MN03,2017-04,2017,4,42
1919,MN03,2017-05,2017,5,57
1920,MN03,2017-06,2017,6,44
1921,MN03,2017-07,2017,7,51
1922,MN03,2017-08,2017,8,53
1923,MN03,2017-09,2017,9,42
1924,MN03,2017-10,2017,10,40
1925,MN03,2017-11,2017,11,21
1926,MN03,2017-12,2017,12,26
1927,MN03,2018-01,2018,1,23
1928,MN03,2018-02,2018,2,16
1929,MN03,2018-03,2018,3,19
1930,MN03,2018-04,2018,4,31
1931,MN03,2018-05,2018,5,41
1932,MN03,2018-06,2018,6,46
1933,MN03,2018-07,2018,7,54
1934,MN03,2018-08,2018,8,92
1935,MN03,2018-09,2018,9,48
1936,MN03,2018-10,2018,10,45
1937,MN03,2018-11,2018,11,23
1938,MN03,2018-12,2018,12,24
1939,MN03,2019-01,2019,1,14
1940,MN03,2019-02,2019,2,22
1941,MN03,2019-03,2019,3,31
1942,MN03,2019-04,2019,4,38
1943,MN03,2019-05,2019,5,28
1944,MN03,2019-06,2019,6,59
1945,MN03,2019-07,2019,7,3
1946,MN03,2019-08,2019,8,49
1947,MN03,2019-09,2019,9,37
1948,MN03,2019-10,2019,10,27
1949,MN03,2019-11,2019,11,25
1950,MN03,2019-12,2019,12,14
1951,MN03,2020-01,2020,1,20
1952,MN03,2020-02,2020,2,24
1953,MN03,2020-03,2020,3,13
1954,MN03,2020-04,2020,4,16
1955,MN03,2020-05,2020,5,37
1956,MN03,2020-06,2020,6,39
1957,MN03,2020-07,2020,7,54
1958,MN03,2020-08,2020,8,57
1959,MN03,2020-09,2020,9,44
1960,MN03,2020-10,2020,10,36
1961,MN03,2020-11,2020,11,13
1962,MN03,2020-12,2020,12,9
1963,MN03,2021-01,2021,1,13
1964,MN03,2021-02,2021,2,40
1965,MN03,2021-03,2021,3,45
1966,MN03,2021-04,2021,4,52
1967,MN03,2021-05,2021,5,69
1968,MN03,2021-06,2021,6,72
1969,MN03,2021-07,2021,7,132
1970,MN03,2021-08,2021,8,121
1971,MN03,2021-09,2021,9,100
1972,MN03,2021-10,2021,10,130
1973,MN04,2016-11,2016,11,37
1974,MN04,2016-12,2016,12,30
1975,MN04,2017-01,2017,1,36
1976,MN04,2017-02,2017,2,36
1977,MN04,2017-03,2017,3,44
1978,MN04,2017-04,2017,4,56
1979,MN04,2017-05,2017,5,33
1980,MN04,2017-06,2017,6,48
1981,MN04,2017-07,2017,7,122
1982,MN04,2017-08,2017,8,149
1983,MN04,2017-09,2017,9,112
1984,MN04,2017-10,2017,10,40
1985,MN04,2017-11,2017,11,38
1986,MN04,2017-12,2017,12,28
1987,MN04,2018-01,2018,1,29
1988,MN04,2018-02,2018,2,32
1989,MN04,2018-03,2018,3,25
1990,MN04,2018-04,2018,4,38
1991,MN04,2018-05,2018,5,47
1992,MN04,2018-06,2018,6,52
1993,MN04,2018-07,2018,7,40
1994,MN04,2018-08,2018,8,55
1995,MN04,2018-09,2018,9,76
1996,MN04,2018-10,2018,10,63
1997,MN04,2018-11,2018,11,41
1998,MN04,2018-12,2018,12,44
1999,MN04,2019-01,2019,1,30
2000,MN04,2019-02,2019,2,33
2001,MN04,2019-03,2019,3,46
2002,MN04,2019-04,2019,4,36
2003,MN04,2019-05,2019,5,49
2004,MN04,2019-06,2019,6,48
2005,MN04,2019-07,2019,7,2
2006,MN04,2019-08,2019,8,35
2007,MN04,2019-09,2019,9,42
2008,MN04,2019-10,2019,10,36
2009,MN04,2019-11,2019,11,22
2010,MN04,2019-12,2019,12,13
2011,MN04,2020-01,2020,1,18
2012,MN04,2020-02,2020,2,19
2013,MN04,2020-03,2020,3,17
2014,MN04,2020-04,2020,4,15
2015,MN04,2020-05,2020,5,18
2016,MN04,2020-06,2020,6,30
2017,MN04,2020-07,2020,7,43
2018,MN04,2020-08,2020,8,51
2019,MN04,2020-09,2020,9,46
2020,MN04,2020-10,2020,10,38
2021,MN04,2020-11,2020,11,18
2022,MN04,2020-12,2020,12,31
2023,MN04,2021-01,2021,1,19
2024,MN04,2021-02,2021,2,38
2025,MN04,2021-03,2021,3,76
2026,MN04,2021-04,2021,4,35
2027,MN04,2021-05,2021,5,81
2028,MN04,2021-06,2021,6,80
2029,MN04,2021-07,2021,7,84
2030,MN04,2021-08,2021,8,75
2031,MN04,2021-09,2021,9,122
2032,MN04,2021-10,2021,10,91
2033,MN05,2016-11,2016,11,30
2034,MN05,2016-12,2016,12,19
2035,MN05,2017-01,2017,1,22
2036,MN05,2017-02,2017,2,23
2037,MN05,2017-03,2017,3,36
2038,MN05,2017-04,2017,4,34
2039,MN05,2017-05,2017,5,18
2040,MN05,2017-06,2017,6,44
2041,MN05,2017-07,2017,7,39
2042,MN05,2017-08,2017,8,63
2043,MN05,2017-09,2017,9,36
2044,MN05,2017-10,2017,10,26
2045,MN05,2017-11,2017,11,21
2046,MN05,2017-12,2017,12,35
2047,MN05,2018-01,2018,1,30
2048,MN05,2018-02,2018,2,20
2049,MN05,2018-03,2018,3,26
2050,MN05,2018-04,2018,4,30
2051,MN05,2018-05,2018,5,34
2052,MN05,2018-06,2018,6,40
2053,MN05,2018-07,2018,7,55
2054,MN05,2018-08,2018,8,58
2055,MN05,2018-09,2018,9,47
2056,MN05,2018-10,2018,10,54
2057,MN05,2018-11,2018,11,32
2058,MN05,2018-12,2018,12,43
2059,MN05,2019-01,2019,1,26
2060,MN05,2019-02,2019,2,35
2061,MN05,2019-03,2019,3,31
2062,MN05,2019-04,2019,4,26
2063,MN05,2019-05,2019,5,37
2064,MN05,2019-06,2019,6,51
2065,MN05,2019-08,2019,8,40
2066,MN05,2019-09,2019,9,34
2067,MN05,2019-10,2019,10,26
2068,MN05,2019-11,2019,11,25
2069,MN05,2019-12,2019,12,16
2070,MN05,2020-01,2020,1,23
2071,MN05,2020-02,2020,2,21
2072,MN05,2020-03,2020,3,21
2073,MN05,2020-04,2020,4,4
2074,MN05,2020-05,2020,5,19
2075,MN05,2020-06,2020,6,14
2076,MN05,2020-07,2020,7,23
2077,MN05,2020-08,2020,8,25
2078,MN05,2020-09,2020,9,19
2079,MN05,2020-10,2020,10,20
2080,MN05,2020-11,2020,11,11
2081,MN05,2020-12,2020,12,11
2082,MN05,2021-01,2021,1,9
2083,MN05,2021-02,2021,2,15
2084,MN05,2021-03,2021,3,28
2085,MN05,2021-04,2021,4,16
2086,MN05,2021-05,2021,5,24
2087,MN05,2021-06,2021,6,41
2088,MN05,2021-07,2021,7,38
2089,MN05,2021-08,2021,8,42
2090,MN05,2021-09,2021,9,49
2091,MN05,2021-10,2021,10,54
2092,MN06,2016-11,2016,11,15
2093,MN06,2016-12,2016,12,18
2094,MN06,2017-01,2017,1,28
2095,MN06,2017-02,2017,2,25
2096,MN06,2017-03,2017,3,15
2097,MN06,2017-04,2017,4,22
2098,MN06,2017-05,2017,5,16
2099,MN06,2017-06,2017,6,32
2100,MN06,2017-07,2017,7,40
2101,MN06,2017-08,2017,8,40
2102,MN06,2017-09,2017,9,35
2103,MN06,2017-10,2017,10,27
2104,MN06,2017-11,2017,11,20
2105,MN06,2017-12,2017,12,23
2106,MN06,2018-01,2018,1,10
2107,MN06,2018-02,2018,2,21
2108,MN06,2018-03,2018,3,24
2109,MN06,2018-04,2018,4,18
2110,MN06,2018-05,2018,5,22
2111,MN06,2018-06,2018,6,37
2112,MN06,2018-07,2018,7,37
2113,MN06,2018-08,2018,8,25
2114,MN06,2018-09,2018,9,44
2115,MN06,2018-10,2018,10,31
2116,MN06,2018-11,2018,11,19
2117,MN06,2018-12,2018,12,18
2118,MN06,2019-01,2019,1,29
2119,MN06,2019-02,2019,2,21
2120,MN06,2019-03,2019,3,18
2121,MN06,2019-04,2019,4,15
2122,MN06,2019-05,2019,5,28
2123,MN06,2019-06,2019,6,21
2124,MN06,2019-08,2019,8,37
2125,MN06,2019-09,2019,9,25
2126,MN06,2019-10,2019,10,12
2127,MN06,2019-11,2019,11,15
2128,MN06,2019-12,2019,12,17
2129,MN06,2020-01,2020,1,13
2130,MN06,2020-02,2020,2,16
2131,MN06,2020-03,2020,3,10
2132,MN06,2020-04,2020,4,4
2133,MN06,2020-05,2020,5,13
2134,MN06,2020-06,2020,6,16
2135,MN06,2020-07,2020,7,20
2136,MN06,2020-08,2020,8,32
2137,MN06,2020-09,2020,9,19
2138,MN06,2020-10,2020,10,23
2139,MN06,2020-11,2020,11,17
2140,MN06,2020-12,2020,12,4
2141,MN06,2021-01,2021,1,19
2142,MN06,2021-02,2021,2,23
2143,MN06,2021-03,2021,3,29
2144,MN06,2021-04,2021,4,31
2145,MN06,2021-05,2021,5,43
2146,MN06,2021-06,2021,6,67
2147,MN06,2021-07,2021,7,37
2148,MN06,2021-08,2021,8,37
2149,MN06,2021-09,2021,9,56
2150,MN06,2021-10,2021,10,58
2151,MN07,2016-11,2016,11,28
2152,MN07,2016-12,2016,12,23
2153,MN07,2017-01,2017,1,37
2154,MN07,2017-02,2017,2,32
2155,MN07,2017-03,2017,3,52
2156,MN07,2017-04,2017,4,60
2157,MN07,2017-05,2017,5,42
2158,MN07,2017-06,2017,6,47
2159,MN07,2017-07,2017,7,58
2160,MN07,2017-08,2017,8,96
2161,MN07,2017-09,2017,9,76
2162,MN07,2017-10,2017,10,70
2163,MN07,2017-11,2017,11,45
2164,MN07,2017-12,2017,12,33
2165,MN07,2018-01,2018,1,41
2166,MN07,2018-02,2018,2,33
2167,MN07,2018-03,2018,3,42
2168,MN07,2018-04,2018,4,50
2169,MN07,2018-05,2018,5,44
2170,MN07,2018-06,2018,6,51
2171,MN07,2018-07,2018,7,73
2172,MN07,2018-08,2018,8,71
2173,MN07,2018-09,2018,9,51
2174,MN07,2018-10,2018,10,47
2175,MN07,2018-11,2018,11,32
2176,MN07,2018-12,2018,12,38
2177,MN07,2019-01,2019,1,51
2178,MN07,2019-02,2019,2,38
2179,MN07,2019-03,2019,3,38
2180,MN07,2019-04,2019,4,40
2181,MN07,2019-05,2019,5,34
2182,MN07,2019-06,2019,6,31
2183,MN07,2019-08,2019,8,41
2184,MN07,2019-09,2019,9,32
2185,MN07,2019-10,2019,10,23
2186,MN07,2019-11,2019,11,23
2187,MN07,2019-12,2019,12,17
2188,MN07,2020-01,2020,1,12
2189,MN07,2020-02,2020,2,26
2190,MN07,2020-03,2020,3,17
2191,MN07,2020-04,2020,4,9
2192,MN07,2020-05,2020,5,16
2193,MN07,2020-06,2020,6,25
2194,MN07,2020-07,2020,7,29
2195,MN07,2020-08,2020,8,32
2196,MN07,2020-09,2020,9,34
2197,MN07,2020-10,2020,10,27
2198,MN07,2020-11,2020,11,24
2199,MN07,2020-12,2020,12,22
2200,MN07,2021-01,2021,1,65
2201,MN07,2021-02,2021,2,32
2202,MN07,2021-03,2021,3,91
2203,MN07,2021-04,2021,4,64
2204,MN07,2021-05,2021,5,69
2205,MN07,2021-06,2021,6,74
2206,MN07,2021-07,2021,7,65
2207,MN07,2021-08,2021,8,69
2208,MN07,2021-09,2021,9,85
2209,MN07,2021-10,2021,10,106
2210,MN08,2016-11,2016,11,58
2211,MN08,2016-12,2016,12,39
2212,MN08,2017-01,2017,1,29
2213,MN08,2017-02,2017,2,46
2214,MN08,2017-03,2017,3,42
2215,MN08,2017-04,2017,4,46
2216,MN08,2017-05,2017,5,48
2217,MN08,2017-06,2017,6,50
2218,MN08,2017-07,2017,7,63
2219,MN08,2017-08,2017,8,62
2220,MN08,2017-09,2017,9,56
2221,MN08,2017-10,2017,10,34
2222,MN08,2017-11,2017,11,17
2223,MN08,2017-12,2017,12,19
2224,MN08,2018-01,2018,1,36
2225,MN08,2018-02,2018,2,36
2226,MN08,2018-03,2018,3,18
2227,MN08,2018-04,2018,4,35
2228,MN08,2018-05,2018,5,63
2229,MN08,2018-06,2018,6,83
2230,MN08,2018-07,2018,7,49
2231,MN08,2018-08,2018,8,48
2232,MN08,2018-09,2018,9,54
2233,MN08,2018-10,2018,10,43
2234,MN08,2018-11,2018,11,43
2235,MN08,2018-12,2018,12,26
2236,MN08,2019-01,2019,1,51
2237,MN08,2019-02,2019,2,44
2238,MN08,2019-03,2019,3,45
2239,MN08,2019-04,2019,4,35
2240,MN08,2019-05,2019,5,27
2241,MN08,2019-06,2019,6,58
2242,MN08,2019-08,2019,8,41
2243,MN08,2019-09,2019,9,40
2244,MN08,2019-10,2019,10,21
2245,MN08,2019-11,2019,11,24
2246,MN08,2019-12,2019,12,30
2247,MN08,2020-01,2020,1,20
2248,MN08,2020-02,2020,2,15
2249,MN08,2020-03,2020,3,16
2250,MN08,2020-04,2020,4,15
2251,MN08,2020-05,2020,5,17
2252,MN08,2020-06,2020,6,24
2253,MN08,2020-07,2020,7,23
2254,MN08,2020-08,2020,8,23
2255,MN08,2020-09,2020,9,26
2256,MN08,2020-10,2020,10,21
2257,MN08,2020-11,2020,11,13
2258,MN08,2020-12,2020,12,13
2259,MN08,2021-01,2021,1,33
2260,MN08,2021-02,2021,2,15
2261,MN08,2021-03,2021,3,45
2262,MN08,2021-04,2021,4,16
2263,MN08,2021-05,2021,5,43
2264,MN08,2021-06,2021,6,45
2265,MN08,2021-07,2021,7,54
2266,MN08,2021-08,2021,8,56
2267,MN08,2021-09,2021,9,40
2268,MN08,2021-10,2021,10,62
2269,MN09,2016-11,2016,11,10
2270,MN09,2016-12,2016,12,17
2271,MN09,2017-01,2017,1,26
2272,MN09,2017-02,2017,2,16
2273,MN09,2017-03,2017,3,18
2274,MN09,2017-04,2017,4,19
2275,MN09,2017-05,2017,5,17
2276,MN09,2017-06,2017,6,20
2277,MN09,2017-07,2017,7,28
2278,MN09,2017-08,2017,8,83
2279,MN09,2017-09,2017,9,114
2280,MN09,2017-10,2017,10,152
2281,MN09,2017-11,2017,11,72
2282,MN09,2017-12,2017,12,43
2283,MN09,2018-01,2018,1,48
2284,MN09,2018-02,2018,2,61
2285,MN09,2018-03,2018,3,53
2286,MN09,2018-04,2018,4,87
2287,MN09,2018-05,2018,5,18
2288,MN09,2018-06,2018,6,11
2289,MN09,2018-07,2018,7,24
2290,MN09,2018-08,2018,8,141
2291,MN09,2018-09,2018,9,25
2292,MN09,2018-10,2018,10,16
2293,MN09,2018-11,2018,11,20
2294,MN09,2018-12,2018,12,12
2295,MN09,2019-01,2019,1,69
2296,MN09,2019-02,2019,2,12
2297,MN09,2019-03,2019,3,25
2298,MN09,2019-04,2019,4,12
2299,MN09,2019-05,2019,5,64
2300,MN09,2019-06,2019,6,28
2301,MN09,2019-08,2019,8,6
2302,MN09,2019-09,2019,9,17
2303,MN09,2019-10,2019,10,13
2304,MN09,2019-11,2019,11,12
2305,MN09,2019-12,2019,12,6
2306,MN09,2020-01,2020,1,41
2307,MN09,2020-02,2020,2,16
2308,MN09,2020-03,2020,3,11
2309,MN09,2020-04,2020,4,4
2310,MN09,2020-05,2020,5,17
2311,MN09,2020-06,2020,6,14
2312,MN09,2020-07,2020,7,21
2313,MN09,2020-08,2020,8,32
2314,MN09,2020-09,2020,9,24
2315,MN09,2020-10,2020,10,12
2316,MN09,2020-11,2020,11,5
2317,MN09,2020-12,2020,12,11
2318,MN09,2021-01,2021,1,16
2319,MN09,2021-02,2021,2,11
2320,MN09,2021-03,2021,3,16
2321,MN09,2021-04,2021,4,23
2322,MN09,2021-05,2021,5,30
2323,MN09,2021-06,2021,6,45
2324,MN09,2021-07,2021,7,23
2325,MN09,2021-08,2021,8,38
2326,MN09,2021-09,2021,9,41
2327,MN09,2021-10,2021,10,24
2328,MN10,2016-11,2016,11,28
2329,MN10,2016-12,2016,12,21
2330,MN10,2017-01,2017,1,43
2331,MN10,2017-02,2017,2,31
2332,MN10,2017-03,2017,3,49
2333,MN10,2017-04,2017,4,42
2334,MN10,2017-05,2017,5,35
2335,MN10,2017-06,2017,6,45
2336,MN10,2017-07,2017,7,79
2337,MN10,2017-08,2017,8,63
2338,MN10,2017-09,2017,9,48
2339,MN10,2017-10,2017,10,36
2340,MN10,2017-11,2017,11,25
2341,MN10,2017-12,2017,12,28
2342,MN10,2018-01,2018,1,48
2343,MN10,2018-02,2018,2,21
2344,MN10,2018-03,2018,3,20
2345,MN10,2018-04,2018,4,41
2346,MN10,2018-05,2018,5,41
2347,MN10,2018-06,2018,6,40
2348,MN10,2018-07,2018,7,45
2349,MN10,2018-08,2018,8,69
2350,MN10,2018-09,2018,9,38
2351,MN10,2018-10,2018,10,38
2352,MN10,2018-11,2018,11,18
2353,MN10,2018-12,2018,12,23
2354,MN10,2019-01,2019,1,22
2355,MN10,2019-02,2019,2,28
2356,MN10,2019-03,2019,3,39
2357,MN10,2019-04,2019,4,36
2358,MN10,2019-05,2019,5,43
2359,MN10,2019-06,2019,6,70
2360,MN10,2019-07,2019,7,2
2361,MN10,2019-08,2019,8,45
2362,MN10,2019-09,2019,9,36
2363,MN10,2019-10,2019,10,21
2364,MN10,2019-11,2019,11,15
2365,MN10,2019-12,2019,12,37
2366,MN10,2020-01,2020,1,34
2367,MN10,2020-02,2020,2,23
2368,MN10,2020-03,2020,3,27
2369,MN10,2020-04,2020,4,17
2370,MN10,2020-05,2020,5,31
2371,MN10,2020-06,2020,6,38
2372,MN10,2020-07,2020,7,71
2373,MN10,2020-08,2020,8,62
2374,MN10,2020-09,2020,9,45
2375,MN10,2020-10,2020,10,42
2376,MN10,2020-11,2020,11,32
2377,MN10,2020-12,2020,12,29
2378,MN10,2021-01,2021,1,49
2379,MN10,2021-02,2021,2,49
2380,MN10,2021-03,2021,3,59
2381,MN10,2021-04,2021,4,62
2382,MN10,2021-05,2021,5,97
2383,MN10,2021-06,2021,6,113
2384,MN10,2021-07,2021,7,90
2385,MN10,2021-08,2021,8,92
2386,MN10,2021-09,2021,9,139
2387,MN10,2021-10,2021,10,94
2388,MN11,2016-11,2016,11,24
2389,MN11,2016-12,2016,12,18
2390,MN11,2017-01,2017,1,31
2391,MN11,2017-02,2017,2,24
2392,MN11,2017-03,2017,3,26
2393,MN11,2017-04,2017,4,18
2394,MN11,2017-05,2017,5,23
2395,MN11,2017-06,2017,6,35
2396,MN11,2017-07,2017,7,28
2397,MN11,2017-08,2017,8,39
2398,MN11,2017-09,2017,9,32
2399,MN11,2017-10,2017,10,23
2400,MN11,2017-11,2017,11,13
2401,MN11,2017-12,2017,12,18
2402,MN11,2018-01,2018,1,14
2403,MN11,2018-02,2018,2,20
2404,MN11,2018-03,2018,3,15
2405,MN11,2018-04,2018,4,17
2406,MN11,2018-05,2018,5,29
2407,MN11,2018-06,2018,6,35
2408,MN11,2018-07,2018,7,51
2409,MN11,2018-08,2018,8,60
2410,MN11,2018-09,2018,9,44
2411,MN11,2018-10,2018,10,32
2412,MN11,2018-11,2018,11,17
2413,MN11,2018-12,2018,12,23
2414,MN11,2019-01,2019,1,17
2415,MN11,2019-02,2019,2,19
2416,MN11,2019-03,2019,3,14
2417,MN11,2019-04,2019,4,12
2418,MN11,2019-05,2019,5,25
2419,MN11,2019-06,2019,6,35
2420,MN11,2019-07,2019,7,2
2421,MN11,2019-08,2019,8,21
2422,MN11,2019-09,2019,9,20
2423,MN11,2019-10,2019,10,16
2424,MN11,2019-11,2019,11,13
2425,MN11,2019-12,2019,12,13
2426,MN11,2020-01,2020,1,15
2427,MN11,2020-02,2020,2,5
2428,MN11,2020-03,2020,3,5
2429,MN11,2020-04,2020,4,13
2430,MN11,2020-05,2020,5,23
2431,MN11,2020-06,2020,6,27
2432,MN11,2020-07,2020,7,31
2433,MN11,2020-08,2020,8,35
2434,MN11,2020-09,2020,9,30
2435,MN11,2020-10,2020,10,21
2436,MN11,2020-11,2020,11,19
2437,MN11,2020-12,2020,12,13
2438,MN11,2021-01,2021,1,13
2439,MN11,2021-02,2021,2,24
2440,MN11,2021-03,2021,3,30
2441,MN11,2021-04,2021,4,21
2442,MN11,2021-05,2021,5,32
2443,MN11,2021-06,2021,6,50
2444,MN11,2021-07,2021,7,50
2445,MN11,2021-08,2021,8,62
2446,MN11,2021-09,2021,9,62
2447,MN11,2021-10,2021,10,105
2448,MN12,2016-11,2016,11,20
2449,MN12,2016-12,2016,12,20
2450,MN12,2017-01,2017,1,25
2451,MN12,2017-02,2017,2,15
2452,MN12,2017-03,2017,3,40
2453,MN12,2017-04,2017,4,52
2454,MN12,2017-05,2017,5,31
2455,MN12,2017-06,2017,6,47
2456,MN12,2017-07,2017,7,57
2457,MN12,2017-08,2017,8,53
2458,MN12,2017-09,2017,9,35
2459,MN12,2017-10,2017,10,27
2460,MN12,2017-11,2017,11,13
2461,MN12,2017-12,2017,12,10
2462,MN12,2018-01,2018,1,26
2463,MN12,2018-02,2018,2,39
2464,MN12,2018-03,2018,3,30
2465,MN12,2018-04,2018,4,22
2466,MN12,2018-05,2018,5,23
2467,MN12,2018-06,2018,6,38
2468,MN12,2018-07,2018,7,38
2469,MN12,2018-08,2018,8,41
2470,MN12,2018-09,2018,9,50
2471,MN12,2018-10,2018,10,20
2472,MN12,2018-11,2018,11,27
2473,MN12,2018-12,2018,12,21
2474,MN12,2019-01,2019,1,38
2475,MN12,2019-02,2019,2,37
2476,MN12,2019-03,2019,3,27
2477,MN12,2019-04,2019,4,28
2478,MN12,2019-05,2019,5,41
2479,MN12,2019-06,2019,6,34
2480,MN12,2019-08,2019,8,18
2481,MN12,2019-09,2019,9,42
2482,MN12,2019-10,2019,10,13
2483,MN12,2019-11,2019,11,15
2484,MN12,2019-12,2019,12,16
2485,MN12,2020-01,2020,1,26
2486,MN12,2020-02,2020,2,14
2487,MN12,2020-03,2020,3,6
2488,MN12,2020-04,2020,4,11
2489,MN12,2020-05,2020,5,29
2490,MN12,2020-06,2020,6,41
2491,MN12,2020-07,2020,7,35
2492,MN12,2020-08,2020,8,49
2493,MN12,2020-09,2020,9,54
2494,MN12,2020-10,2020,10,38
2495,MN12,2020-11,2020,11,22
2496,MN12,2020-12,2020,12,10
2497,MN12,2021-01,2021,1,23
2498,MN12,2021-02,2021,2,27
2499,MN12,2021-03,2021,3,38
2500,MN12,2021-04,2021,4,40
2501,MN12,2021-05,2021,5,60
2502,MN12,2021-06,2021,6,96
2503,MN12,2021-07,2021,7,76
2504,MN12,2021-08,2021,8,78
2505,MN12,2021-09,2021,9,59
2506,MN12,2021-10,2021,10,68
2507,QN01,2016-11,2016,11,50
2508,QN01,2016-12,2016,12,47
2509,QN01,2017-01,2017,1,45
2510,QN01,2017-02,2017,2,62
2511,QN01,2017-03,2017,3,70
2512,QN01,2017-04,2017,4,64
2513,QN01,2017-05,2017,5,85
2514,QN01,2017-06,2017,6,76
2515,QN01,2017-07,2017,7,59
2516,QN01,2017-08,2017,8,80
2517,QN01,2017-09,2017,9,68
2518,QN01,2017-10,2017,10,48
2519,QN01,2017-11,2017,11,55
2520,QN01,2017-12,2017,12,30
2521,QN01,2018-01,2018,1,43
2522,QN01,2018-02,2018,2,65
2523,QN01,2018-03,2018,3,56
2524,QN01,2018-04,2018,4,86
2525,QN01,2018-05,2018,5,68
2526,QN01,2018-06,2018,6,93
2527,QN01,2018-07,2018,7,95
2528,QN01,2018-08,2018,8,100
2529,QN01,2018-09,2018,9,95
2530,QN01,2018-10,2018,10,92
2531,QN01,2018-11,2018,11,63
2532,QN01,2018-12,2018,12,55
2533,QN01,2019-01,2019,1,66
2534,QN01,2019-02,2019,2,73
2535,QN01,2019-03,2019,3,55
2536,QN01,2019-04,2019,4,64
2537,QN01,2019-05,2019,5,68
2538,QN01,2019-06,2019,6,74
2539,QN01,2019-07,2019,7,3
2540,QN01,2019-08,2019,8,58
2541,QN01,2019-09,2019,9,53
2542,QN01,2019-10,2019,10,25
2543,QN01,2019-11,2019,11,26
2544,QN01,2019-12,2019,12,28
2545,QN01,2020-01,2020,1,41
2546,QN01,2020-02,2020,2,43
2547,QN01,2020-03,2020,3,35
2548,QN01,2020-04,2020,4,27
2549,QN01,2020-05,2020,5,57
2550,QN01,2020-06,2020,6,64
2551,QN01,2020-07,2020,7,61
2552,QN01,2020-08,2020,8,75
2553,QN01,2020-09,2020,9,52
2554,QN01,2020-10,2020,10,47
2555,QN01,2020-11,2020,11,27
2556,QN01,2020-12,2020,12,30
2557,QN01,2021-01,2021,1,45
2558,QN01,2021-02,2021,2,30
2559,QN01,2021-03,2021,3,84
2560,QN01,2021-04,2021,4,34
2561,QN01,2021-05,2021,5,74
2562,QN01,2021-06,2021,6,128
2563,QN01,2021-07,2021,7,126
2564,QN01,2021-08,2021,8,220
2565,QN01,2021-09,2021,9,202
2566,QN01,2021-10,2021,10,200
2567,QN02,2016-11,2016,11,44
2568,QN02,2016-12,2016,12,27
2569,QN02,2017-01,2017,1,51
2570,QN02,2017-02,2017,2,46
2571,QN02,2017-03,2017,3,47
2572,QN02,2017-04,2017,4,45
2573,QN02,2017-05,2017,5,38
2574,QN02,2017-06,2017,6,52
2575,QN02,2017-07,2017,7,58
2576,QN02,2017-08,2017,8,66
2577,QN02,2017-09,2017,9,50
2578,QN02,2017-10,2017,10,43
2579,QN02,2017-11,2017,11,19
2580,QN02,2017-12,2017,12,25
2581,QN02,2018-01,2018,1,27
2582,QN02,2018-02,2018,2,38
2583,QN02,2018-03,2018,3,42
2584,QN02,2018-04,2018,4,51
2585,QN02,2018-05,2018,5,33
2586,QN02,2018-06,2018,6,48
2587,QN02,2018-07,2018,7,39
2588,QN02,2018-08,2018,8,46
2589,QN02,2018-09,2018,9,37
2590,QN02,2018-10,2018,10,27
2591,QN02,2018-11,2018,11,30
2592,QN02,2018-12,2018,12,23
2593,QN02,2019-01,2019,1,22
2594,QN02,2019-02,2019,2,15
2595,QN02,2019-03,2019,3,34
2596,QN02,2019-04,2019,4,30
2597,QN02,2019-05,2019,5,30
2598,QN02,2019-06,2019,6,39
2599,QN02,2019-08,2019,8,30
2600,QN02,2019-09,2019,9,30
2601,QN02,2019-10,2019,10,22
2602,QN02,2019-11,2019,11,11
2603,QN02,2019-12,2019,12,14
2604,QN02,2020-01,2020,1,25
2605,QN02,2020-02,2020,2,13
2606,QN02,2020-03,2020,3,17
2607,QN02,2020-04,2020,4,12
2608,QN02,2020-05,2020,5,16
2609,QN02,2020-06,2020,6,28
2610,QN02,2020-07,2020,7,32
2611,QN02,2020-08,2020,8,29
2612,QN02,2020-09,2020,9,27
2613,QN02,2020-10,2020,10,13
2614,QN02,2020-11,2020,11,23
2615,QN02,2020-12,2020,12,12
2616,QN02,2021-01,2021,1,17
2617,QN02,2021-02,2021,2,8
2618,QN02,2021-03,2021,3,61
2619,QN02,2021-04,2021,4,38
2620,QN02,2021-05,2021,5,47
2621,QN02,2021-06,2021,6,54
2622,QN02,2021-07,2021,7,56
2623,QN02,2021-08,2021,8,41
2624,QN02,2021-09,2021,9,60
2625,QN02,2021-10,2021,10,70
2626,QN03,2016-11,2016,11,27
2627,QN03,2016-12,2016,12,32
2628,QN03,2017-01,2017,1,45
2629,QN03,2017-02,2017,2,38
2630,QN03,2017-03,2017,3,30
2631,QN03,2017-04,2017,4,41
2632,QN03,2017-05,2017,5,44
2633,QN03,2017-06,2017,6,44
2634,QN03,2017-07,2017,7,58
2635,QN03,2017-08,2017,8,51
2636,QN03,2017-09,2017,9,47
2637,QN03,2017-10,2017,10,34
2638,QN03,2017-11,2017,11,18
2639,QN03,2017-12,2017,12,18
2640,QN03,2018-01,2018,1,50
2641,QN03,2018-02,2018,2,33
2642,QN03,2018-03,2018,3,44
2643,QN03,2018-04,2018,4,25
2644,QN03,2018-05,2018,5,38
2645,QN03,2018-06,2018,6,44
2646,QN03,2018-07,2018,7,56
2647,QN03,2018-08,2018,8,46
2648,QN03,2018-09,2018,9,56
2649,QN03,2018-10,2018,10,55
2650,QN03,2018-11,2018,11,28
2651,QN03,2018-12,2018,12,26
2652,QN03,2019-01,2019,1,29
2653,QN03,2019-02,2019,2,39
2654,QN03,2019-03,2019,3,48
2655,QN03,2019-04,2019,4,46
2656,QN03,2019-05,2019,5,40
2657,QN03,2019-06,2019,6,48
2658,QN03,2019-08,2019,8,42
2659,QN03,2019-09,2019,9,26
2660,QN03,2019-10,2019,10,22
2661,QN03,2019-11,2019,11,16
2662,QN03,2019-12,2019,12,20
2663,QN03,2020-01,2020,1,22
2664,QN03,2020-02,2020,2,25
2665,QN03,2020-03,2020,3,14
2666,QN03,2020-04,2020,4,11
2667,QN03,2020-05,2020,5,25
2668,QN03,2020-06,2020,6,36
2669,QN03,2020-07,2020,7,46
2670,QN03,2020-08,2020,8,56
2671,QN03,2020-09,2020,9,46
2672,QN03,2020-10,2020,10,31
2673,QN03,2020-11,2020,11,23
2674,QN03,2020-12,2020,12,21
2675,QN03,2021-01,2021,1,27
2676,QN03,2021-02,2021,2,32
2677,QN03,2021-03,2021,3,41
2678,QN03,2021-04,2021,4,37
2679,QN03,2021-05,2021,5,40
2680,QN03,2021-06,2021,6,74
2681,QN03,2021-07,2021,7,59
2682,QN03,2021-08,2021,8,88
2683,QN03,2021-09,2021,9,76
2684,QN03,2021-10,2021,10,60
2685,QN04,2016-11,2016,11,36
2686,QN04,2016-12,2016,12,13
2687,QN04,2017-01,2017,1,28
2688,QN04,2017-02,2017,2,31
2689,QN04,2017-03,2017,3,19
2690,QN04,2017-04,2017,4,18
2691,QN04,2017-05,2017,5,27
2692,QN04,2017-06,2017,6,25
2693,QN04,2017-07,2017,7,41
2694,QN04,2017-08,2017,8,37
2695,QN04,2017-09,2017,9,47
2696,QN04,2017-10,2017,10,32
2697,QN04,2017-11,2017,11,19
2698,QN04,2017-12,2017,12,20
2699,QN04,2018-01,2018,1,16
2700,QN04,2018-02,2018,2,8
2701,QN04,2018-03,2018,3,18
2702,QN04,2018-04,2018,4,15
2703,QN04,2018-05,2018,5,30
2704,QN04,2018-06,2018,6,34
2705,QN04,2018-07,2018,7,48
2706,QN04,2018-08,2018,8,38
2707,QN04,2018-09,2018,9,38
2708,QN04,2018-10,2018,10,38
2709,QN04,2018-11,2018,11,18
2710,QN04,2018-12,2018,12,20
2711,QN04,2019-01,2019,1,15
2712,QN04,2019-02,2019,2,20
2713,QN04,2019-03,2019,3,23
2714,QN04,2019-04,2019,4,27
2715,QN04,2019-05,2019,5,21
2716,QN04,2019-06,2019,6,31
2717,QN04,2019-08,2019,8,15
2718,QN04,2019-09,2019,9,14
2719,QN04,2019-10,2019,10,17
2720,QN04,2019-11,2019,11,12
2721,QN04,2019-12,2019,12,9
2722,QN04,2020-01,2020,1,14
2723,QN04,2020-02,2020,2,12
2724,QN04,2020-03,2020,3,11
2725,QN04,2020-04,2020,4,9
2726,QN04,2020-05,2020,5,14
2727,QN04,2020-06,2020,6,25
2728,QN04,2020-07,2020,7,44
2729,QN04,2020-08,2020,8,36
2730,QN04,2020-09,2020,9,31
2731,QN04,2020-10,2020,10,14
2732,QN04,2020-11,2020,11,22
2733,QN04,2020-12,2020,12,7
2734,QN04,2021-01,2021,1,15
2735,QN04,2021-02,2021,2,15
2736,QN04,2021-03,2021,3,48
2737,QN04,2021-04,2021,4,27
2738,QN04,2021-05,2021,5,15
2739,QN04,2021-06,2021,6,33
2740,QN04,2021-07,2021,7,44
2741,QN04,2021-08,2021,8,35
2742,QN04,2021-09,2021,9,47
2743,QN04,2021-10,2021,10,46
2744,QN05,2016-11,2016,11,76
2745,QN05,2016-12,2016,12,111
2746,QN05,2017-01,2017,1,60
2747,QN05,2017-02,2017,2,75
2748,QN05,2017-03,2017,3,102
2749,QN05,2017-04,2017,4,90
2750,QN05,2017-05,2017,5,118
2751,QN05,2017-06,2017,6,112
2752,QN05,2017-07,2017,7,182
2753,QN05,2017-08,2017,8,149
2754,QN05,2017-09,2017,9,120
2755,QN05,2017-10,2017,10,124
2756,QN05,2017-11,2017,11,95
2757,QN05,2017-12,2017,12,85
2758,QN05,2018-01,2018,1,98
2759,QN05,2018-02,2018,2,84
2760,QN05,2018-03,2018,3,96
2761,QN05,2018-04,2018,4,105
2762,QN05,2018-05,2018,5,143
2763,QN05,2018-06,2018,6,171
2764,QN05,2018-07,2018,7,125
2765,QN05,2018-08,2018,8,179
2766,QN05,2018-09,2018,9,135
2767,QN05,2018-10,2018,10,151
2768,QN05,2018-11,2018,11,158
2769,QN05,2018-12,2018,12,78
2770,QN05,2019-01,2019,1,108
2771,QN05,2019-02,2019,2,83
2772,QN05,2019-03,2019,3,150
2773,QN05,2019-04,2019,4,165
2774,QN05,2019-05,2019,5,89
2775,QN05,2019-06,2019,6,103
2776,QN05,2019-07,2019,7,7
2777,QN05,2019-08,2019,8,143
2778,QN05,2019-09,2019,9,93
2779,QN05,2019-10,2019,10,132
2780,QN05,2019-11,2019,11,47
2781,QN05,2019-12,2019,12,85
2782,QN05,2020-01,2020,1,92
2783,QN05,2020-02,2020,2,86
2784,QN05,2020-03,2020,3,65
2785,QN05,2020-04,2020,4,39
2786,QN05,2020-05,2020,5,58
2787,QN05,2020-06,2020,6,47
2788,QN05,2020-07,2020,7,101
2789,QN05,2020-08,2020,8,89
2790,QN05,2020-09,2020,9,90
2791,QN05,2020-10,2020,10,106
2792,QN05,2020-11,2020,11,50
2793,QN05,2020-12,2020,12,74
2794,QN05,2021-01,2021,1,129
2795,QN05,2021-02,2021,2,42
2796,QN05,2021-03,2021,3,105
2797,QN05,2021-04,2021,4,78
2798,QN05,2021-05,2021,5,87
2799,QN05,2021-06,2021,6,136
2800,QN05,2021-07,2021,7,139
2801,QN05,2021-08,2021,8,123
2802,QN05,2021-09,2021,9,110
2803,QN05,2021-10,2021,10,108
2804,QN06,2016-11,2016,11,30
2805,QN06,2016-12,2016,12,25
2806,QN06,2017-01,2017,1,28
2807,QN06,2017-02,2017,2,52
2808,QN06,2017-03,2017,3,28
2809,QN06,2017-04,2017,4,34
2810,QN06,2017-05,2017,5,33
2811,QN06,2017-06,2017,6,30
2812,QN06,2017-07,2017,7,38
2813,QN06,2017-08,2017,8,44
2814,QN06,2017-09,2017,9,47
2815,QN06,2017-10,2017,10,21
2816,QN06,2017-11,2017,11,23
2817,QN06,2017-12,2017,12,18
2818,QN06,2018-01,2018,1,27
2819,QN06,2018-02,2018,2,36
2820,QN06,2018-03,2018,3,29
2821,QN06,2018-04,2018,4,26
2822,QN06,2018-05,2018,5,26
2823,QN06,2018-06,2018,6,38
2824,QN06,2018-07,2018,7,80
2825,QN06,2018-08,2018,8,75
2826,QN06,2018-09,2018,9,36
2827,QN06,2018-10,2018,10,26
2828,QN06,2018-11,2018,11,43
2829,QN06,2018-12,2018,12,51
2830,QN06,2019-01,2019,1,30
2831,QN06,2019-02,2019,2,43
2832,QN06,2019-03,2019,3,57
2833,QN06,2019-04,2019,4,41
2834,QN06,2019-05,2019,5,25
2835,QN06,2019-06,2019,6,42
2836,QN06,2019-07,2019,7,1
2837,QN06,2019-08,2019,8,78
2838,QN06,2019-09,2019,9,70
2839,QN06,2019-10,2019,10,13
2840,QN06,2019-11,2019,11,62
2841,QN06,2019-12,2019,12,42
2842,QN06,2020-01,2020,1,6
2843,QN06,2020-02,2020,2,39
2844,QN06,2020-03,2020,3,15
2845,QN06,2020-04,2020,4,11
2846,QN06,2020-05,2020,5,15
2847,QN06,2020-06,2020,6,14
2848,QN06,2020-07,2020,7,21
2849,QN06,2020-08,2020,8,29
2850,QN06,2020-09,2020,9,23
2851,QN06,2020-10,2020,10,23
2852,QN06,2020-11,2020,11,11
2853,QN06,2020-12,2020,12,13
2854,QN06,2021-01,2021,1,17
2855,QN06,2021-02,2021,2,9
2856,QN06,2021-03,2021,3,25
2857,QN06,2021-04,2021,4,24
2858,QN06,2021-05,2021,5,23
2859,QN06,2021-06,2021,6,48
2860,QN06,2021-07,2021,7,44
2861,QN06,2021-08,2021,8,40
2862,QN06,2021-09,2021,9,38
2863,QN06,2021-10,2021,10,29
2864,QN07,2016-11,2016,11,47
2865,QN07,2016-12,2016,12,43
2866,QN07,2017-01,2017,1,67
2867,QN07,2017-02,2017,2,74
2868,QN07,2017-03,2017,3,74
2869,QN07,2017-04,2017,4,67
2870,QN07,2017-05,2017,5,84
2871,QN07,2017-06,2017,6,96
2872,QN07,2017-07,2017,7,86
2873,QN07,2017-08,2017,8,112
2874,QN07,2017-09,2017,9,98
2875,QN07,2017-10,2017,10,77
2876,QN07,2017-11,2017,11,57
2877,QN07,2017-12,2017,12,50
2878,QN07,2018-01,2018,1,78
2879,QN07,2018-02,2018,2,77
2880,QN07,2018-03,2018,3,60
2881,QN07,2018-04,2018,4,73
2882,QN07,2018-05,2018,5,109
2883,QN07,2018-06,2018,6,99
2884,QN07,2018-07,2018,7,91
2885,QN07,2018-08,2018,8,92
2886,QN07,2018-09,2018,9,95
2887,QN07,2018-10,2018,10,65
2888,QN07,2018-11,2018,11,58
2889,QN07,2018-12,2018,12,58
2890,QN07,2019-01,2019,1,69
2891,QN07,2019-02,2019,2,71
2892,QN07,2019-03,2019,3,81
2893,QN07,2019-04,2019,4,63
2894,QN07,2019-05,2019,5,82
2895,QN07,2019-06,2019,6,97
2896,QN07,2019-07,2019,7,3
2897,QN07,2019-08,2019,8,48
2898,QN07,2019-09,2019,9,49
2899,QN07,2019-10,2019,10,28
2900,QN07,2019-11,2019,11,38
2901,QN07,2019-12,2019,12,42
2902,QN07,2020-01,2020,1,41
2903,QN07,2020-02,2020,2,61
2904,QN07,2020-03,2020,3,48
2905,QN07,2020-04,2020,4,36
2906,QN07,2020-05,2020,5,40
2907,QN07,2020-06,2020,6,65
2908,QN07,2020-07,2020,7,53
2909,QN07,2020-08,2020,8,63
2910,QN07,2020-09,2020,9,42
2911,QN07,2020-10,2020,10,44
2912,QN07,2020-11,2020,11,19
2913,QN07,2020-12,2020,12,21
2914,QN07,2021-01,2021,1,31
2915,QN07,2021-02,2021,2,35
2916,QN07,2021-03,2021,3,85
2917,QN07,2021-04,2021,4,52
2918,QN07,2021-05,2021,5,99
2919,QN07,2021-06,2021,6,93
2920,QN07,2021-07,2021,7,109
2921,QN07,2021-08,2021,8,130
2922,QN07,2021-09,2021,9,164
2923,QN07,2021-10,2021,10,122
2924,QN08,2016-11,2016,11,37
2925,QN08,2016-12,2016,12,28
2926,QN08,2017-01,2017,1,31
2927,QN08,2017-02,2017,2,56
2928,QN08,2017-03,2017,3,46
2929,QN08,2017-04,2017,4,62
2930,QN08,2017-05,2017,5,55
2931,QN08,2017-06,2017,6,46
2932,QN08,2017-07,2017,7,44
2933,QN08,2017-08,2017,8,58
2934,QN08,2017-09,2017,9,47
2935,QN08,2017-10,2017,10,38
2936,QN08,2017-11,2017,11,27
2937,QN08,2017-12,2017,12,24
2938,QN08,2018-01,2018,1,31
2939,QN08,2018-02,2018,2,36
2940,QN08,2018-03,2018,3,39
2941,QN08,2018-04,2018,4,44
2942,QN08,2018-05,2018,5,43
2943,QN08,2018-06,2018,6,45
2944,QN08,2018-07,2018,7,59
2945,QN08,2018-08,2018,8,54
2946,QN08,2018-09,2018,9,45
2947,QN08,2018-10,2018,10,50
2948,QN08,2018-11,2018,11,26
2949,QN08,2018-12,2018,12,28
2950,QN08,2019-01,2019,1,36
2951,QN08,2019-02,2019,2,29
2952,QN08,2019-03,2019,3,37
2953,QN08,2019-04,2019,4,34
2954,QN08,2019-05,2019,5,38
2955,QN08,2019-06,2019,6,47
2956,QN08,2019-08,2019,8,37
2957,QN08,2019-09,2019,9,37
2958,QN08,2019-10,2019,10,22
2959,QN08,2019-11,2019,11,20
2960,QN08,2019-12,2019,12,18
2961,QN08,2020-01,2020,1,21
2962,QN08,2020-02,2020,2,28
2963,QN08,2020-03,2020,3,30
2964,QN08,2020-04,2020,4,19
2965,QN08,2020-05,2020,5,24
2966,QN08,2020-06,2020,6,38
2967,QN08,2020-07,2020,7,39
2968,QN08,2020-08,2020,8,47
2969,QN08,2020-09,2020,9,33
2970,QN08,2020-10,2020,10,23
2971,QN08,2020-11,2020,11,18
2972,QN08,2020-12,2020,12,20
2973,QN08,2021-01,2021,1,31
2974,QN08,2021-02,2021,2,23
2975,QN08,2021-03,2021,3,65
2976,QN08,2021-04,2021,4,35
2977,QN08,2021-05,2021,5,47
2978,QN08,2021-06,2021,6,43
2979,QN08,2021-07,2021,7,66
2980,QN08,2021-08,2021,8,38
2981,QN08,2021-09,2021,9,43
2982,QN08,2021-10,2021,10,27
2983,QN09,2016-11,2016,11,65
2984,QN09,2016-12,2016,12,73
2985,QN09,2017-01,2017,1,72
2986,QN09,2017-02,2017,2,100
2987,QN09,2017-03,2017,3,86
2988,QN09,2017-04,2017,4,113
2989,QN09,2017-05,2017,5,109
2990,QN09,2017-06,2017,6,64
2991,QN09,2017-07,2017,7,92
2992,QN09,2017-08,2017,8,88
2993,QN09,2017-09,2017,9,102
2994,QN09,2017-10,2017,10,82
2995,QN09,2017-11,2017,11,61
2996,QN09,2017-12,2017,12,61
2997,QN09,2018-01,2018,1,80
2998,QN09,2018-02,2018,2,90
2999,QN09,2018-03,2018,3,77
3000,QN09,2018-04,2018,4,85
3001,QN09,2018-05,2018,5,77
3002,QN09,2018-06,2018,6,96
3003,QN09,2018-07,2018,7,119
3004,QN09,2018-08,2018,8,116
3005,QN09,2018-09,2018,9,103
3006,QN09,2018-10,2018,10,50
3007,QN09,2018-11,2018,11,46
3008,QN09,2018-12,2018,12,58
3009,QN09,2019-01,2019,1,64
3010,QN09,2019-02,2019,2,45
3011,QN09,2019-03,2019,3,84
3012,QN09,2019-04,2019,4,63
3013,QN09,2019-05,2019,5,73
3014,QN09,2019-06,2019,6,71
3015,QN09,2019-07,2019,7,1
3016,QN09,2019-08,2019,8,65
3017,QN09,2019-09,2019,9,57
3018,QN09,2019-10,2019,10,29
3019,QN09,2019-11,2019,11,81
3020,QN09,2019-12,2019,12,33
3021,QN09,2020-01,2020,1,35
3022,QN09,2020-02,2020,2,42
3023,QN09,2020-03,2020,3,33
3024,QN09,2020-04,2020,4,31
3025,QN09,2020-05,2020,5,42
3026,QN09,2020-06,2020,6,52
3027,QN09,2020-07,2020,7,59
3028,QN09,2020-08,2020,8,76
3029,QN09,2020-09,2020,9,47
3030,QN09,2020-10,2020,10,40
3031,QN09,2020-11,2020,11,42
3032,QN09,2020-12,2020,12,45
3033,QN09,2021-01,2021,1,55
3034,QN09,2021-02,2021,2,30
3035,QN09,2021-03,2021,3,121
3036,QN09,2021-04,2021,4,66
3037,QN09,2021-05,2021,5,81
3038,QN09,2021-06,2021,6,84
3039,QN09,2021-07,2021,7,110
3040,QN09,2021-08,2021,8,83
3041,QN09,2021-09,2021,9,50
3042,QN09,2021-10,2021,10,79
3043,QN10,2016-11,2016,11,56
3044,QN10,2016-12,2016,12,47
3045,QN10,2017-01,2017,1,30
3046,QN10,2017-02,2017,2,56
3047,QN10,2017-03,2017,3,73
3048,QN10,2017-04,2017,4,93
3049,QN10,2017-05,2017,5,81
3050,QN10,2017-06,2017,6,68
3051,QN10,2017-07,2017,7,75
3052,QN10,2017-08,2017,8,96
3053,QN10,2017-09,2017,9,95
3054,QN10,2017-10,2017,10,51
3055,QN10,2017-11,2017,11,54
3056,QN10,2017-12,2017,12,46
3057,QN10,2018-01,2018,1,50
3058,QN10,2018-02,2018,2,41
3059,QN10,2018-03,2018,3,60
3060,QN10,2018-04,2018,4,62
3061,QN10,2018-05,2018,5,85
3062,QN10,2018-06,2018,6,91
3063,QN10,2018-07,2018,7,82
3064,QN10,2018-08,2018,8,87
3065,QN10,2018-09,2018,9,53
3066,QN10,2018-10,2018,10,50
3067,QN10,2018-11,2018,11,43
3068,QN10,2018-12,2018,12,39
3069,QN10,2019-01,2019,1,49
3070,QN10,2019-02,2019,2,42
3071,QN10,2019-03,2019,3,69
3072,QN10,2019-04,2019,4,60
3073,QN10,2019-05,2019,5,72
3074,QN10,2019-06,2019,6,76
3075,QN10,2019-07,2019,7,4
3076,QN10,2019-08,2019,8,83
3077,QN10,2019-09,2019,9,58
3078,QN10,2019-10,2019,10,48
3079,QN10,2019-11,2019,11,35
3080,QN10,2019-12,2019,12,34
3081,QN10,2020-01,2020,1,40
3082,QN10,2020-02,2020,2,43
3083,QN10,2020-03,2020,3,36
3084,QN10,2020-04,2020,4,31
3085,QN10,2020-05,2020,5,28
3086,QN10,2020-06,2020,6,53
3087,QN10,2020-07,2020,7,78
3088,QN10,2020-08,2020,8,98
3089,QN10,2020-09,2020,9,60
3090,QN10,2020-10,2020,10,41
3091,QN10,2020-11,2020,11,27
3092,QN10,2020-12,2020,12,36
3093,QN10,2021-01,2021,1,44
3094,QN10,2021-02,2021,2,31
3095,QN10,2021-03,2021,3,87
3096,QN10,2021-04,2021,4,64
3097,QN10,2021-05,2021,5,73
3098,QN10,2021-06,2021,6,71
3099,QN10,2021-07,2021,7,84
3100,QN10,2021-08,2021,8,97
3101,QN10,2021-09,2021,9,65
3102,QN10,2021-10,2021,10,52
3103,QN11,2016-11,2016,11,29
3104,QN11,2016-12,2016,12,21
3105,QN11,2017-01,2017,1,32
3106,QN11,2017-02,2017,2,28
3107,QN11,2017-03,2017,3,33
3108,QN11,2017-04,2017,4,43
3109,QN11,2017-05,2017,5,37
3110,QN11,2017-06,2017,6,34
3111,QN11,2017-07,2017,7,48
3112,QN11,2017-08,2017,8,48
3113,QN11,2017-09,2017,9,35
3114,QN11,2017-10,2017,10,23
3115,QN11,2017-11,2017,11,28
3116,QN11,2017-12,2017,12,8
3117,QN11,2018-01,2018,1,24
3118,QN11,2018-02,2018,2,22
3119,QN11,2018-03,2018,3,41
3120,QN11,2018-04,2018,4,28
3121,QN11,2018-05,2018,5,31
3122,QN11,2018-06,2018,6,45
3123,QN11,2018-07,2018,7,32
3124,QN11,2018-08,2018,8,59
3125,QN11,2018-09,2018,9,40
3126,QN11,2018-10,2018,10,39
3127,QN11,2018-11,2018,11,23
3128,QN11,2018-12,2018,12,29
3129,QN11,2019-01,2019,1,28
3130,QN11,2019-02,2019,2,29
3131,QN11,2019-03,2019,3,29
3132,QN11,2019-04,2019,4,29
3133,QN11,2019-05,2019,5,30
3134,QN11,2019-06,2019,6,23
3135,QN11,2019-07,2019,7,2
3136,QN11,2019-08,2019,8,22
3137,QN11,2019-09,2019,9,20
3138,QN11,2019-10,2019,10,26
3139,QN11,2019-11,2019,11,22
3140,QN11,2019-12,2019,12,25
3141,QN11,2020-01,2020,1,25
3142,QN11,2020-02,2020,2,27
3143,QN11,2020-03,2020,3,20
3144,QN11,2020-04,2020,4,21
3145,QN11,2020-05,2020,5,26
3146,QN11,2020-06,2020,6,23
3147,QN11,2020-07,2020,7,41
3148,QN11,2020-08,2020,8,41
3149,QN11,2020-09,2020,9,26
3150,QN11,2020-10,2020,10,23
3151,QN11,2020-11,2020,11,15
3152,QN11,2020-12,2020,12,9
3153,QN11,2021-01,2021,1,26
3154,QN11,2021-02,2021,2,12
3155,QN11,2021-03,2021,3,35
3156,QN11,2021-04,2021,4,28
3157,QN11,2021-05,2021,5,50
3158,QN11,2021-06,2021,6,40
3159,QN11,2021-07,2021,7,42
3160,QN11,2021-08,2021,8,39
3161,QN11,2021-09,2021,9,44
3162,QN11,2021-10,2021,10,25
3163,QN12,2016-11,2016,11,88
3164,QN12,2016-12,2016,12,99
3165,QN12,2017-01,2017,1,98
3166,QN12,2017-02,2017,2,109
3167,QN12,2017-03,2017,3,111
3168,QN12,2017-04,2017,4,140
3169,QN12,2017-05,2017,5,146
3170,QN12,2017-06,2017,6,121
3171,QN12,2017-07,2017,7,202
3172,QN12,2017-08,2017,8,153
3173,QN12,2017-09,2017,9,162
3174,QN12,2017-10,2017,10,108
3175,QN12,2017-11,2017,11,70
3176,QN12,2017-12,2017,12,75
3177,QN12,2018-01,2018,1,67
3178,QN12,2018-02,2018,2,89
3179,QN12,2018-03,2018,3,107
3180,QN12,2018-04,2018,4,96
3181,QN12,2018-05,2018,5,131
3182,QN12,2018-06,2018,6,134
3183,QN12,2018-07,2018,7,165
3184,QN12,2018-08,2018,8,756
3185,QN12,2018-09,2018,9,164
3186,QN12,2018-10,2018,10,117
3187,QN12,2018-11,2018,11,65
3188,QN12,2018-12,2018,12,90
3189,QN12,2019-01,2019,1,101
3190,QN12,2019-02,2019,2,69
3191,QN12,2019-03,2019,3,88
3192,QN12,2019-04,2019,4,97
3193,QN12,2019-05,2019,5,120
3194,QN12,2019-06,2019,6,103
3195,QN12,2019-07,2019,7,2
3196,QN12,2019-08,2019,8,122
3197,QN12,2019-09,2019,9,92
3198,QN12,2019-10,2019,10,63
3199,QN12,2019-11,2019,11,39
3200,QN12,2019-12,2019,12,78
3201,QN12,2020-01,2020,1,54
3202,QN12,2020-02,2020,2,58
3203,QN12,2020-03,2020,3,48
3204,QN12,2020-04,2020,4,25
3205,QN12,2020-05,2020,5,99
3206,QN12,2020-06,2020,6,119
3207,QN12,2020-07,2020,7,154
3208,QN12,2020-08,2020,8,151
3209,QN12,2020-09,2020,9,316
3210,QN12,2020-10,2020,10,84
3211,QN12,2020-11,2020,11,47
3212,QN12,2020-12,2020,12,52
3213,QN12,2021-01,2021,1,77
3214,QN12,2021-02,2021,2,40
3215,QN12,2021-03,2021,3,164
3216,QN12,2021-04,2021,4,119
3217,QN12,2021-05,2021,5,141
3218,QN12,2021-06,2021,6,159
3219,QN12,2021-07,2021,7,228
3220,QN12,2021-08,2021,8,205
3221,QN12,2021-09,2021,9,104
3222,QN12,2021-10,2021,10,114
3223,QN13,2016-11,2016,11,50
3224,QN13,2016-12,2016,12,54
3225,QN13,2017-01,2017,1,66
3226,QN13,2017-02,2017,2,64
3227,QN13,2017-03,2017,3,57
3228,QN13,2017-04,2017,4,88
3229,QN13,2017-05,2017,5,75
3230,QN13,2017-06,2017,6,90
3231,QN13,2017-07,2017,7,104
3232,QN13,2017-08,2017,8,99
3233,QN13,2017-09,2017,9,109
3234,QN13,2017-10,2017,10,80
3235,QN13,2017-11,2017,11,46
3236,QN13,2017-12,2017,12,46
3237,QN13,2018-01,2018,1,59
3238,QN13,2018-02,2018,2,46
3239,QN13,2018-03,2018,3,67
3240,QN13,2018-04,2018,4,63
3241,QN13,2018-05,2018,5,82
3242,QN13,2018-06,2018,6,113
3243,QN13,2018-07,2018,7,115
3244,QN13,2018-08,2018,8,153
3245,QN13,2018-09,2018,9,124
3246,QN13,2018-10,2018,10,82
3247,QN13,2018-11,2018,11,49
3248,QN13,2018-12,2018,12,52
3249,QN13,2019-01,2019,1,79
3250,QN13,2019-02,2019,2,56
3251,QN13,2019-03,2019,3,72
3252,QN13,2019-04,2019,4,83
3253,QN13,2019-05,2019,5,87
3254,QN13,2019-06,2019,6,102
3255,QN13,2019-07,2019,7,1
3256,QN13,2019-08,2019,8,88
3257,QN13,2019-09,2019,9,79
3258,QN13,2019-10,2019,10,51
3259,QN13,2019-11,2019,11,30
3260,QN13,2019-12,2019,12,46
3261,QN13,2020-01,2020,1,55
3262,QN13,2020-02,2020,2,46
3263,QN13,2020-03,2020,3,36
3264,QN13,2020-04,2020,4,43
3265,QN13,2020-05,2020,5,50
3266,QN13,2020-06,2020,6,75
3267,QN13,2020-07,2020,7,76
3268,QN13,2020-08,2020,8,74
3269,QN13,2020-09,2020,9,66
3270,QN13,2020-10,2020,10,36
3271,QN13,2020-11,2020,11,39
3272,QN13,2020-12,2020,12,23
3273,QN13,2021-01,2021,1,59
3274,QN13,2021-02,2021,2,20
3275,QN13,2021-03,2021,3,95
3276,QN13,2021-04,2021,4,59
3277,QN13,2021-05,2021,5,78
3278,QN13,2021-06,2021,6,101
3279,QN13,2021-07,2021,7,115
3280,QN13,2021-08,2021,8,99
3281,QN13,2021-09,2021,9,98
3282,QN13,2021-10,2021,10,54
3283,QN14,2016-11,2016,11,33
3284,QN14,2016-12,2016,12,34
3285,QN14,2017-01,2017,1,40
3286,QN14,2017-02,2017,2,32
3287,QN14,2017-03,2017,3,27
3288,QN14,2017-04,2017,4,33
3289,QN14,2017-05,2017,5,28
3290,QN14,2017-06,2017,6,34
3291,QN14,2017-07,2017,7,38
3292,QN14,2017-08,2017,8,56
3293,QN14,2017-09,2017,9,33
3294,QN14,2017-10,2017,10,23
3295,QN14,2017-11,2017,11,23
3296,QN14,2017-12,2017,12,20
3297,QN14,2018-01,2018,1,17
3298,QN14,2018-02,2018,2,20
3299,QN14,2018-03,2018,3,24
3300,QN14,2018-04,2018,4,27
3301,QN14,2018-05,2018,5,27
3302,QN14,2018-06,2018,6,39
3303,QN14,2018-07,2018,7,52
3304,QN14,2018-08,2018,8,30
3305,QN14,2018-09,2018,9,40
3306,QN14,2018-10,2018,10,27
3307,QN14,2018-11,2018,11,19
3308,QN14,2018-12,2018,12,31
3309,QN14,2019-01,2019,1,26
3310,QN14,2019-02,2019,2,33
3311,QN14,2019-03,2019,3,35
3312,QN14,2019-04,2019,4,37
3313,QN14,2019-05,2019,5,39
3314,QN14,2019-06,2019,6,54
3315,QN14,2019-07,2019,7,1
3316,QN14,2019-08,2019,8,40
3317,QN14,2019-09,2019,9,23
3318,QN14,2019-10,2019,10,29
3319,QN14,2019-11,2019,11,12
3320,QN14,2019-12,2019,12,29
3321,QN14,2020-01,2020,1,25
3322,QN14,2020-02,2020,2,22
3323,QN14,2020-03,2020,3,28
3324,QN14,2020-04,2020,4,16
3325,QN14,2020-05,2020,5,33
3326,QN14,2020-06,2020,6,29
3327,QN14,2020-07,2020,7,35
3328,QN14,2020-08,2020,8,44
3329,QN14,2020-09,2020,9,38
3330,QN14,2020-10,2020,10,33
3331,QN14,2020-11,2020,11,22
3332,QN14,2020-12,2020,12,11
3333,QN14,2021-01,2021,1,31
3334,QN14,2021-02,2021,2,20
3335,QN14,2021-03,2021,3,44
3336,QN14,2021-04,2021,4,32
3337,QN14,2021-05,2021,5,29
3338,QN14,2021-06,2021,6,39
3339,QN14,2021-07,2021,7,32
3340,QN14,2021-08,2021,8,37
3341,QN14,2021-09,2021,9,44
3342,QN14,2021-10,2021,10,23
3343,SI01,2016-11,2016,11,68
3344,SI01,2016-12,2016,12,74
3345,SI01,2017-01,2017,1,64
3346,SI01,2017-02,2017,2,84
3347,SI01,2017-03,2017,3,92
3348,SI01,2017-04,2017,4,78
3349,SI01,2017-05,2017,5,113
3350,SI01,2017-06,2017,6,105
3351,SI01,2017-07,2017,7,120
3352,SI01,2017-08,2017,8,116
3353,SI01,2017-09,2017,9,85
3354,SI01,2017-10,2017,10,77
3355,SI01,2017-11,2017,11,61
3356,SI01,2017-12,2017,12,48
3357,SI01,2018-01,2018,1,69
3358,SI01,2018-02,2018,2,88
3359,SI01,2018-03,2018,3,72
3360,SI01,2018-04,2018,4,86
3361,SI01,2018-05,2018,5,90
3362,SI01,2018-06,2018,6,120
3363,SI01,2018-07,2018,7,123
3364,SI01,2018-08,2018,8,128
3365,SI01,2018-09,2018,9,102
3366,SI01,2018-10,2018,10,101
3367,SI01,2018-11,2018,11,56
3368,SI01,2018-12,2018,12,70
3369,SI01,2019-01,2019,1,78
3370,SI01,2019-02,2019,2,68
3371,SI01,2019-03,2019,3,118
3372,SI01,2019-04,2019,4,110
3373,SI01,2019-05,2019,5,110
3374,SI01,2019-06,2019,6,117
3375,SI01,2019-07,2019,7,7
3376,SI01,2019-08,2019,8,114
3377,SI01,2019-09,2019,9,92
3378,SI01,2019-10,2019,10,64
3379,SI01,2019-11,2019,11,41
3380,SI01,2019-12,2019,12,28
3381,SI01,2020-01,2020,1,58
3382,SI01,2020-02,2020,2,61
3383,SI01,2020-03,2020,3,58
3384,SI01,2020-04,2020,4,49
3385,SI01,2020-05,2020,5,92
3386,SI01,2020-06,2020,6,75
3387,SI01,2020-07,2020,7,92
3388,SI01,2020-08,2020,8,85
3389,SI01,2020-09,2020,9,69
3390,SI01,2020-10,2020,10,69
3391,SI01,2020-11,2020,11,42
3392,SI01,2020-12,2020,12,50
3393,SI01,2021-01,2021,1,78
3394,SI01,2021-02,2021,2,41
3395,SI01,2021-03,2021,3,174
3396,SI01,2021-04,2021,4,103
3397,SI01,2021-05,2021,5,87
3398,SI01,2021-06,2021,6,83
3399,SI01,2021-07,2021,7,140
3400,SI01,2021-08,2021,8,139
3401,SI01,2021-09,2021,9,139
3402,SI01,2021-10,2021,10,114
3403,SI02,2016-11,2016,11,44
3404,SI02,2016-12,2016,12,46
3405,SI02,2017-01,2017,1,58
3406,SI02,2017-02,2017,2,75
3407,SI02,2017-03,2017,3,60
3408,SI02,2017-04,2017,4,71
3409,SI02,2017-05,2017,5,62
3410,SI02,2017-06,2017,6,69
3411,SI02,2017-07,2017,7,60
3412,SI02,2017-08,2017,8,66
3413,SI02,2017-09,2017,9,54
3414,SI02,2017-10,2017,10,28
3415,SI02,2017-11,2017,11,37
3416,SI02,2017-12,2017,12,27
3417,SI02,2018-01,2018,1,44
3418,SI02,2018-02,2018,2,46
3419,SI02,2018-03,2018,3,59
3420,SI02,2018-04,2018,4,60
3421,SI02,2018-05,2018,5,55
3422,SI02,2018-06,2018,6,87
3423,SI02,2018-07,2018,7,81
3424,SI02,2018-08,2018,8,61
3425,SI02,2018-09,2018,9,55
3426,SI02,2018-10,2018,10,47
3427,SI02,2018-11,2018,11,42
3428,SI02,2018-12,2018,12,44
3429,SI02,2019-01,2019,1,53
3430,SI02,2019-02,2019,2,70
3431,SI02,2019-03,2019,3,83
3432,SI02,2019-04,2019,4,80
3433,SI02,2019-05,2019,5,82
3434,SI02,2019-06,2019,6,86
3435,SI02,2019-07,2019,7,1
3436,SI02,2019-08,2019,8,68
3437,SI02,2019-09,2019,9,67
3438,SI02,2019-10,2019,10,52
3439,SI02,2019-11,2019,11,54
3440,SI02,2019-12,2019,12,34
3441,SI02,2020-01,2020,1,54
3442,SI02,2020-02,2020,2,46
3443,SI02,2020-03,2020,3,43
3444,SI02,2020-04,2020,4,32
3445,SI02,2020-05,2020,5,55
3446,SI02,2020-06,2020,6,59
3447,SI02,2020-07,2020,7,48
3448,SI02,2020-08,2020,8,53
3449,SI02,2020-09,2020,9,43
3450,SI02,2020-10,2020,10,65
3451,SI02,2020-11,2020,11,39
3452,SI02,2020-12,2020,12,42
3453,SI02,2021-01,2021,1,48
3454,SI02,2021-02,2021,2,16
3455,SI02,2021-03,2021,3,56
3456,SI02,2021-04,2021,4,68
3457,SI02,2021-05,2021,5,57
3458,SI02,2021-06,2021,6,65
3459,SI02,2021-07,2021,7,79
3460,SI02,2021-08,2021,8,100
3461,SI02,2021-09,2021,9,97
3462,SI02,2021-10,2021,10,72
3463,SI03,2016-11,2016,11,70
3464,SI03,2016-12,2016,12,43
3465,SI03,2017-01,2017,1,95
3466,SI03,2017-02,2017,2,112
3467,SI03,2017-03,2017,3,102
3468,SI03,2017-04,2017,4,126
3469,SI03,2017-05,2017,5,96
3470,SI03,2017-06,2017,6,107
3471,SI03,2017-07,2017,7,130
3472,SI03,2017-08,2017,8,121
3473,SI03,2017-09,2017,9,118
3474,SI03,2017-10,2017,10,95
3475,SI03,2017-11,2017,11,69
3476,SI03,2017-12,2017,12,57
3477,SI03,2018-01,2018,1,56
3478,SI03,2018-02,2018,2,99
3479,SI03,2018-03,2018,3,85
3480,SI03,2018-04,2018,4,82
3481,SI03,2018-05,2018,5,129
3482,SI03,2018-06,2018,6,170
3483,SI03,2018-07,2018,7,181
3484,SI03,2018-08,2018,8,170
3485,SI03,2018-09,2018,9,157
3486,SI03,2018-10,2018,10,113
3487,SI03,2018-11,2018,11,111
3488,SI03,2018-12,2018,12,155
3489,SI03,2019-01,2019,1,222
3490,SI03,2019-02,2019,2,268
3491,SI03,2019-03,2019,3,229
3492,SI03,2019-04,2019,4,153
3493,SI03,2019-05,2019,5,129
3494,SI03,2019-06,2019,6,145
3495,SI03,2019-07,2019,7,4
3496,SI03,2019-08,2019,8,173
3497,SI03,2019-09,2019,9,162
3498,SI03,2019-10,2019,10,180
3499,SI03,2019-11,2019,11,158
3500,SI03,2019-12,2019,12,189
3501,SI03,2020-01,2020,1,208
3502,SI03,2020-02,2020,2,153
3503,SI03,2020-03,2020,3,124
3504,SI03,2020-04,2020,4,58
3505,SI03,2020-05,2020,5,155
3506,SI03,2020-06,2020,6,116
3507,SI03,2020-07,2020,7,100
3508,SI03,2020-08,2020,8,88
3509,SI03,2020-09,2020,9,173
3510,SI03,2020-10,2020,10,167
3511,SI03,2020-11,2020,11,133
3512,SI03,2020-12,2020,12,116
3513,SI03,2021-01,2021,1,133
3514,SI03,2021-02,2021,2,49
3515,SI03,2021-03,2021,3,225
3516,SI03,2021-04,2021,4,152
3517,SI03,2021-05,2021,5,114
3518,SI03,2021-06,2021,6,148
3519,SI03,2021-07,2021,7,120
3520,SI03,2021-08,2021,8,168
3521,SI03,2021-09,2021,9,195
3522,SI03,2021-10,2021,10,187
